"Time (s)","X (m/s^2)","Y (m/s^2)","Z (m/s^2)"
5.586208310E-3,-1.167272644E0,9.029672699E0,3.337459717E0
1.552520832E-2,-1.075064392E0,9.075178070E0,3.320245514E0
2.546420833E-2,-1.010398865E0,9.100325775E0,3.248544617E0
3.540320828E-2,-1.030457153E0,9.088200989E0,3.185825043E0
4.534220829E-2,-1.125958557E0,9.076076202E0,3.152294769E0
5.528120830E-2,-1.231189728E0,9.056167603E0,3.192411346E0
6.522020831E-2,-1.239721985E0,9.087602234E0,3.241509247E0
7.515820832E-2,-1.194216614E0,9.109905853E0,3.371439056E0
8.509720833E-2,-1.154399414E0,9.091194763E0,3.587439880E0
9.503620828E-2,-1.057550812E0,9.082063751E0,3.754193115E0
1.049752083E-1,-9.451345825E-1,9.118288422E0,3.854185181E0
1.149142083E-1,-8.641529846E-1,9.155860291E0,3.802692261E0
1.248532083E-1,-8.701405334E-1,9.162296906E0,3.855083313E0
1.347922083E-1,-8.813671875E-1,9.145082703E0,3.848796387E0
1.447312083E-1,-8.614585876E-1,9.169332275E0,3.793411560E0
1.546702083E-1,-8.901988220E-1,9.176667023E0,3.707190857E0
1.646082083E-1,-8.765771484E-1,9.185348969E0,3.589834900E0
1.745472083E-1,-8.628057861E-1,9.166039124E0,3.478466492E0
1.844862083E-1,-8.599617004E-1,9.145382080E0,3.436254272E0
1.944252083E-1,-8.999285889E-1,9.116492157E0,3.542682953E0
2.043642083E-1,-9.476792908E-1,9.068292389E0,3.647315369E0
2.143032083E-1,-9.843530273E-1,9.087901611E0,3.673211517E0
2.242422083E-1,-9.535171509E-1,9.092392273E0,3.661685486E0
2.341812083E-1,-9.520202637E-1,9.063951416E0,3.616030426E0
2.441202083E-1,-9.421408081E-1,9.063502350E0,3.600163422E0
2.540582083E-1,-8.954379272E-1,9.066047058E0,3.575614471E0
2.639972083E-1,-8.732839966E-1,9.060358887E0,3.543581085E0
2.739362083E-1,-8.193960571E-1,9.083111572E0,3.465593262E0
2.838752083E-1,-8.180488586E-1,9.056916046E0,3.547023926E0
2.938142083E-1,-8.277786255E-1,9.060508575E0,3.595822449E0
3.037532083E-1,-8.910969543E-1,9.086554413E0,3.566333771E0
3.136922083E-1,-9.132508850E-1,9.102421417E0,3.501219177E0
3.236312083E-1,-9.327104187E-1,9.112899628E0,3.592080231E0
3.335702083E-1,-9.451345825E-1,9.130263519E0,3.713028717E0
3.435082083E-1,-9.285191345E-1,9.132808228E0,3.655847626E0
3.534472083E-1,-9.618997192E-1,9.092392273E0,3.629801788E0
3.633862083E-1,-9.713301086E-1,9.095236359E0,3.616778870E0
3.733252083E-1,-9.678872681E-1,9.153914337E0,3.622467041E0
3.832642083E-1,-9.704319763E-1,9.179361420E0,3.650907898E0
3.932032083E-1,-9.512718201E-1,9.184750214E0,3.662284241E0
4.031422083E-1,-8.872050476E-1,9.192084961E0,3.673959961E0
4.130812083E-1,-8.334667969E-1,9.137298889E0,3.677851868E0
4.230202083E-1,-7.810757446E-1,9.116941223E0,3.604205017E0
4.329582083E-1,-7.592211914E-1,9.114845581E0,3.558100891E0
4.428972083E-1,-7.714956665E-1,9.113797760E0,3.540737000E0
4.528362083E-1,-8.092172241E-1,9.129066010E0,3.560346222E0
4.627752083E-1,-8.572673035E-1,9.117390289E0,3.568130035E0
4.727142083E-1,-8.852590942E-1,9.108259277E0,3.577710114E0
4.826532083E-1,-8.396040344E-1,9.086853790E0,3.657344513E0
4.925922083E-1,-6.724017334E-1,9.062304840E0,3.453019409E0
5.025312083E-1,-7.195536804E-1,9.027127991E0,3.413800964E0
5.124702083E-1,-7.319778442E-1,9.036109314E0,3.515439606E0
5.224082083E-1,-7.086264038E-1,9.083860016E0,3.562591553E0
5.323472083E-1,-6.891668701E-1,9.099128265E0,3.641477509E0
5.422862083E-1,-6.382727051E-1,9.066047058E0,3.702251129E0
5.522252083E-1,-5.535488892E-1,9.045390015E0,3.682342529E0
5.621642083E-1,-4.465214539E-1,9.022936707E0,3.619922333E0
5.721032083E-1,-4.363426208E-1,9.002878418E0,3.577261047E0
5.820422083E-1,-4.909790039E-1,9.024134216E0,3.557951202E0
5.919812083E-1,-5.929170227E-1,9.020391998E0,3.534150696E0
6.019202083E-1,-6.789880371E-1,9.057365112E0,3.511697388E0
6.118592083E-1,-7.554789734E-1,9.096284180E0,3.519331512E0
6.217972083E-1,-7.580236816E-1,9.063951416E0,3.443289642E0
6.317362083E-1,-7.303312683E-1,9.054670715E0,3.260519714E0
6.416752083E-1,-7.852670288E-1,9.047335968E0,3.262465668E0
6.516142083E-1,-8.562194824E-1,9.034313049E0,3.387455750E0
6.615532083E-1,-9.529183960E-1,9.023834839E0,3.478616180E0
6.714922083E-1,-9.743238831E-1,9.051676941E0,3.504961395E0
6.814309583E-1,-9.870474243E-1,9.092242584E0,3.556903381E0
6.913699583E-1,-1.014590149E0,9.090446320E0,3.647614746E0
7.013089583E-1,-9.695338440E-1,9.102571106E0,3.662284241E0
7.112479583E-1,-8.385562134E-1,9.112600250E0,3.700903931E0
7.211859583E-1,-7.535330200E-1,9.189540253E0,3.828738098E0
7.311249583E-1,-7.259902954E-1,9.264983368E0,3.920048218E0
7.410639583E-1,-6.554869080E-1,9.231902161E0,3.794908447E0
7.510029583E-1,-6.221063232E-1,9.177864532E0,3.590882721E0
7.609419583E-1,-6.560856628E-1,9.122779083E0,3.549418945E0
7.708809583E-1,-6.908134460E-1,9.106762390E0,3.606899414E0
7.808199583E-1,-7.596702576E-1,9.075178070E0,3.696562958E0
7.907589583E-1,-7.464976501E-1,9.079069977E0,3.702700195E0
8.006979583E-1,-6.700067139E-1,9.056916046E0,3.635939026E0
8.106359583E-1,-6.301895142E-1,9.037007446E0,3.636088715E0
8.205749583E-1,-5.887257385E-1,9.013356628E0,3.731739807E0
8.305139583E-1,-5.581892395E-1,8.999585266E0,3.733386383E0
8.404529583E-1,-5.288502502E-1,8.994495850E0,3.703149261E0
8.503919583E-1,-4.412823486E-1,9.010662231E0,3.651356964E0
8.603309583E-1,-4.162843323E-1,8.991502075E0,3.543730774E0
8.702699583E-1,-4.279600525E-1,8.986861725E0,3.476071472E0
8.802089583E-1,-4.929249573E-1,8.982670441E0,3.463048553E0
8.901479583E-1,-5.171745300E-1,8.960666199E0,3.546125793E0
9.000869583E-1,-5.589376831E-1,8.903485107E0,3.532354431E0
9.100249583E-1,-6.083349609E-1,8.954678650E0,3.552412720E0
9.199639583E-1,-6.418652344E-1,9.028325500E0,3.569477234E0
9.299029583E-1,-6.411167908E-1,9.017847290E0,3.572021942E0
9.398419583E-1,-6.514453125E-1,8.960067444E0,3.485950928E0
9.497809583E-1,-6.845265198E-1,8.957672424E0,3.390449524E0
9.597199583E-1,-7.324269104E-1,8.969946899E0,3.355422363E0
9.696589583E-1,-7.373666382E-1,8.955726471E0,3.429368591E0
9.795979583E-1,-6.767427063E-1,8.907676392E0,3.413052521E0
9.895369583E-1,-6.506968689E-1,8.880133667E0,3.247047729E0
9.994759583E-1,-7.200027466E-1,8.814570007E0,2.836002502E0
1.009413958E0,-7.173083496E-1,8.738677826E0,2.533780975E0
1.019352958E0,-6.152206421E-1,8.614885254E0,2.580783234E0
1.029291958E0,-5.662724304E-1,8.534652100E0,2.963237915E0
1.039230958E0,-3.505709839E-1,8.254285126E0,3.420387268E0
1.049169958E0,-2.061213684E-1,8.000862122E0,3.880081329E0
1.059108958E0,-1.179547119E-1,7.873177643E0,4.189338226E0
1.069047958E0,-1.916015625E-1,7.892786865E0,4.398752747E0
1.078986958E0,-2.252815247E-1,8.122409363E0,4.433031464E0
1.088925958E0,-2.489323425E-1,8.315807190E0,4.190685425E0
1.098864958E0,-2.932402039E-1,8.193212128E0,3.955374756E0
1.108802958E0,-3.703298950E-1,7.765252075E0,3.942651215E0
1.118741958E0,-3.119512939E-1,7.160060577E0,4.268972626E0
1.128680958E0,-7.963439941E-2,6.560108185E0,4.722529449E0
1.138619958E0,-3.098556519E-2,5.907465363E0,5.307512970E0
1.148558958E0,-2.151026917E-1,5.568121033E0,6.099366302E0
1.158497958E0,-3.550616455E-1,5.517226868E0,6.746470642E0
1.168436958E0,-4.956193542E-1,5.461991730E0,7.336693268E0
1.178375958E0,-3.661386108E-1,5.515879669E0,8.001011810E0
1.188314958E0,-8.098159790E-2,5.575455780E0,8.468190308E0
1.198253958E0,4.361929321E-1,5.876928864E0,8.435707855E0
1.208192958E0,1.895059204E-1,5.328619080E0,8.618926849E0
1.218130958E0,3.243754578E-1,5.167703705E0,8.449928284E0
1.228069958E0,3.248245239E-1,4.992567902E0,8.356971588E0
1.238008958E0,3.990701294E-1,4.892126770E0,8.184530182E0
1.247947958E0,3.367996216E-1,4.767735443E0,7.983049164E0
1.257886958E0,2.809657288E-1,4.665797424E0,7.910300446E0
1.267825958E0,3.912863159E-1,4.607269135E0,7.666307831E0
1.277764958E0,8.568182373E-1,4.515809326E0,6.908284149E0
1.287703958E0,2.746788025E-1,4.650379486E0,7.287146301E0
1.297642958E0,-2.534230042E-1,4.262086945E0,7.110363922E0
1.307580958E0,-6.551875305E-1,4.204157410E0,7.581733704E0
1.317519958E0,-8.187973022E-1,3.879781952E0,8.388855286E0
1.327458958E0,-7.948471069E-2,3.560495911E0,9.762398987E0
1.337397958E0,7.753875732E-2,2.828817444E0,1.029394363E1
1.347336958E0,-7.212002563E-1,2.017504578E0,1.069585785E1
1.357275958E0,-6.403683472E-1,1.708696747E0,1.077998291E1
1.367214958E0,-5.403762817E-1,1.520088959E0,1.074241104E1
1.377153958E0,-7.053332520E-1,1.259031830E0,1.069945038E1
1.387092958E0,-8.677455139E-1,1.024619293E0,1.077564194E1
1.397031958E0,-6.827302551E-1,7.768844604E-1,1.104298599E1
1.406970958E0,-3.360511780E-1,5.176235962E-1,1.113983459E1
1.416908958E0,-4.324507141E-1,2.698887634E-1,1.130539032E1
1.426847958E0,-6.691085815E-1,2.245330811E-3,1.144759460E1
1.436786958E0,-9.529183960E-1,-3.017724609E-1,1.142783569E1
1.446725958E0,-1.244362335E0,-5.096900940E-1,1.145612686E1
1.456664958E0,-1.513652344E0,-5.418731689E-1,1.174981613E1
1.466603958E0,-1.592089233E0,-5.786965942E-1,1.163874710E1
1.476542958E0,-1.671424255E0,-5.483097839E-1,1.150657196E1
1.486481958E0,-1.616189117E0,-4.496649170E-1,1.160551620E1
1.496420958E0,-1.490600281E0,-4.516108704E-1,1.161389877E1
1.506359958E0,-1.411414948E0,-5.423222351E-1,1.125210114E1
1.516298958E0,-1.268013153E0,-5.224136353E-1,1.056682617E1
1.526236958E0,-1.172062683E0,-4.920268250E-1,9.829309845E0
1.536175958E0,-1.187630310E0,-4.382885742E-1,9.507628784E0
1.546114958E0,-1.250050507E0,-4.412823486E-1,9.618099060E0
1.556053958E0,-1.244062958E0,-5.080435181E-1,9.980495453E0
1.565992958E0,-1.184187469E0,-5.771997070E-1,1.028690826E1
1.575931958E0,-1.187181244E0,-5.929170227E-1,1.048838928E1
1.585870958E0,-1.165476379E0,-6.177653503E-1,1.062909668E1
1.595809958E0,-1.172960815E0,-6.625222778E-1,1.076411591E1
1.605748958E0,-1.252744904E0,-7.222480774E-1,1.091335556E1
1.615687958E0,-1.328038330E0,-7.662565613E-1,1.085273163E1
1.625626958E0,-1.388512573E0,-7.179071045E-1,1.067564987E1
1.635564958E0,-1.342558136E0,-5.240602112E-1,1.049632278E1
1.645503958E0,-1.191522217E0,-3.342549133E-1,1.034393967E1
1.655442958E0,-1.110091553E0,-2.598596191E-1,1.031070877E1
1.665381958E0,-1.057550812E0,-2.624043274E-1,1.018272491E1
1.675320958E0,-9.645941162E-1,-2.170486450E-1,1.009994705E1
1.685260083E0,-9.196875000E-1,-1.692979431E-1,1.003812561E1
1.695199083E0,-8.581654358E-1,-1.348695374E-1,9.772877197E0
1.705138083E0,-8.586145020E-1,-1.451980591E-1,9.495653687E0
1.715077083E0,-8.463400269E-1,-1.678010559E-1,9.311386871E0
1.725016083E0,-7.451504517E-1,-1.547781372E-1,9.275012512E0
1.734955083E0,-6.423143005E-1,-6.750961304E-2,9.396110687E0
1.744893083E0,-5.656736755E-1,2.739303589E-2,9.531429291E0
1.754832083E0,-5.592370605E-1,1.125659180E-1,9.672735443E0
1.764771083E0,-5.140310669E-1,1.413061523E-1,9.736353149E0
1.774710083E0,-4.915777588E-1,1.142124939E-1,9.815089417E0
1.784649083E0,-4.773573303E-1,5.628295898E-2,9.846823425E0
1.794588083E0,-4.379891968E-1,-8.981323242E-4,9.795031128E0
1.804527083E0,-4.267625427E-1,-4.340972900E-2,9.714797974E0
1.814466083E0,-4.393363953E-1,-9.280700684E-3,9.714348907E0
1.824405083E0,-4.686753845E-1,7.574249268E-2,9.741143188E0
1.834344083E0,-5.072950745E-1,1.649569702E-1,9.795629883E0
1.844283083E0,-4.643344116E-1,2.071691895E-1,9.867480469E0
1.854221083E0,-4.435276794E-1,1.968406677E-1,9.829758911E0
1.864160083E0,-5.026547241E-1,1.383123779E-1,9.658515015E0
1.874099083E0,-5.586383057E-1,1.565744019E-1,9.539662170E0
1.884038083E0,-6.210585022E-1,1.763333130E-1,9.479936371E0
1.893977083E0,-6.328839111E-1,2.014810181E-1,9.633367310E0
1.903916083E0,-6.339317322E-1,2.351609802E-1,9.971065063E0
1.913855083E0,-6.366261292E-1,2.055226135E-1,1.024439667E1
1.923794083E0,-6.209088135E-1,1.901046753E-1,1.039692947E1
1.933733083E0,-5.498066711E-1,2.029779053E-1,1.040905426E1
1.943672083E0,-5.304968262E-1,2.174977112E-1,1.027927414E1
1.953611083E0,-5.354365540E-1,1.844165039E-1,1.011341904E1
1.963549083E0,-5.999523926E-1,1.869612122E-1,9.837093658E0
1.973488083E0,-6.646179199E-1,2.085163879E-1,9.553134155E0
1.983427083E0,-6.116281128E-1,3.031196594E-1,9.551487579E0
1.993366083E0,-5.165757751E-1,3.876937866E-1,9.770033112E0
2.003305083E0,-4.677772522E-1,4.498146057E-1,9.976004791E0
2.013244083E0,-4.531077576E-1,4.866380310E-1,1.006776398E1
2.023183083E0,-4.379891968E-1,5.149291992E-1,1.011491592E1
2.033122083E0,-4.122427368E-1,5.137316895E-1,1.017628830E1
2.043061083E0,-3.951782227E-1,5.276527405E-1,1.017314484E1
2.053000083E0,-3.447331238E-1,5.637277222E-1,1.003258713E1
2.062939083E0,-3.317102051E-1,5.984555054E-1,9.771230621E0
2.072877083E0,-3.805087280E-1,5.978567505E-1,9.551786957E0
2.082816083E0,-4.165837097E-1,5.780978394E-1,9.435029755E0
2.092755083E0,-4.462220764E-1,5.939648438E-1,9.479038239E0
2.102694083E0,-4.013154602E-1,6.288423157E-1,9.623038788E0
2.112633083E0,-3.653901672E-1,6.427633667E-1,9.810000000E0
2.122572083E0,-3.519181824E-1,6.023474121E-1,9.935888214E0
2.132511083E0,-3.213816833E-1,5.474116516E-1,9.929900665E0
2.142450083E0,-3.158432007E-1,4.983137512E-1,9.900561676E0
2.152389083E0,-3.430865479E-1,4.942721558E-1,9.877808990E0
2.162328083E0,-3.234773254E-1,5.062472534E-1,9.911788330E0
2.172267083E0,-3.149450684E-1,4.819976807E-1,1.000968475E1
2.182206083E0,-3.031196594E-1,4.692741394E-1,1.006611740E1
2.192144083E0,-2.673440552E-1,4.628375244E-1,1.002585114E1
2.202083083E0,-2.868035889E-1,4.896318054E-1,9.896520081E0
2.212022083E0,-3.293151855E-1,4.978646851E-1,9.791438599E0
2.221961083E0,-3.004252625E-1,5.053491211E-1,9.748777313E0
2.231900083E0,-3.189866638E-1,5.433700562E-1,9.837393036E0
2.241839083E0,-2.984793091E-1,6.207591248E-1,1.008258316E1
2.251778083E0,-2.496807861E-1,6.870712280E-1,1.029424301E1
2.261717083E0,-2.540217590E-1,6.774911499E-1,1.033196457E1
2.271656083E0,-2.157014465E-1,6.224057007E-1,1.033615585E1
2.281595083E0,-2.297721863E-1,5.665718079E-1,1.028645920E1
2.291534083E0,-2.570155334E-1,5.295986938E-1,1.014111145E1
2.301473083E0,-2.664459229E-1,5.812413025E-1,1.001417542E1
2.311411083E0,-2.583627319E-1,6.804849243E-1,1.013272888E1
2.321350083E0,-1.200503540E-1,8.915460205E-1,1.077758789E1
2.331289083E0,-4.206253052E-2,1.117276611E0,1.153456375E1
2.341228083E0,-2.514770508E-1,1.226100311E0,1.186777084E1
2.351167083E0,-3.926335144E-1,1.271156616E0,1.203392532E1
2.361106083E0,-4.043092346E-1,1.253942413E0,1.222477844E1
2.371045083E0,-4.460723877E-1,1.282233582E0,1.248628464E1
2.380984083E0,-4.495152283E-1,1.479074249E0,1.250275040E1
2.390923083E0,-4.117936707E-1,1.805695038E0,1.232926117E1
2.400862083E0,-5.354365540E-1,2.091001740E0,1.181672699E1
2.410801083E0,-6.530918884E-1,2.245480499E0,1.125389740E1
2.420740083E0,-8.132588196E-1,2.390079803E0,1.072295151E1
2.430679083E0,-8.511300659E-1,2.571652222E0,1.038749908E1
2.440617083E0,-7.628137207E-1,2.878214722E0,1.002734802E1
2.450556083E0,-7.256909180E-1,3.217559052E0,9.622739410E0
2.460495083E0,-6.325845337E-1,3.532953186E0,9.476942596E0
2.470434083E0,-5.998027039E-1,3.843257904E0,9.147777100E0
2.480373083E0,-5.664221191E-1,4.155358887E0,8.524922333E0
2.490312083E0,-5.471122742E-1,4.473597107E0,7.862250366E0
2.500251083E0,-7.050338745E-1,4.798122253E0,7.298223267E0
2.510190083E0,-7.896080017E-1,5.186115417E0,6.894662476E0
2.520129083E0,-5.622308350E-1,5.619613953E0,6.449787598E0
2.530068083E0,-2.206411743E-1,6.075715485E0,6.243666229E0
2.540007083E0,1.089733887E-1,6.578819275E0,6.418203278E0
2.549946083E0,3.246748352E-1,7.060517578E0,6.504124603E0
2.559884083E0,5.191204834E-1,7.421417084E0,6.569837952E0
2.569823083E0,6.685098267E-1,7.650141449E0,6.636000366E0
2.579762083E0,7.243437195E-1,7.722441101E0,6.798412628E0
2.589701083E0,7.149133301E-1,7.773035889E0,6.788084106E0
2.599640083E0,6.911128235E-1,7.875722351E0,6.358776855E0
2.609579083E0,7.342231750E-1,7.872728577E0,5.866001587E0
2.619518083E0,6.997947693E-1,7.797884216E0,5.447621613E0
2.629457083E0,6.929090881E-1,7.839946747E0,5.439688110E0
2.639396083E0,6.724017334E-1,8.074658661E0,5.457950134E0
2.649335083E0,5.867797852E-1,8.288713531E0,5.522166595E0
2.659274083E0,5.724096680E-1,8.511450348E0,5.710325317E0
2.669213083E0,5.616320801E-1,8.654702454E0,5.471122742E0
2.679151875E0,5.724096680E-1,8.482560425E0,4.942871246E0
2.689089875E0,4.291575623E-1,8.461304626E0,4.235442352E0
2.699028875E0,1.366658020E-1,8.646170197E0,3.389850769E0
2.708967875E0,-1.402583313E-1,8.525970154E0,2.830763397E0
2.718906875E0,-7.634124756E-3,8.479117584E0,2.501298523E0
2.728845875E0,9.669891357E-2,8.525221710E0,2.551593933E0
2.738784875E0,1.475930786E-1,8.791667633E0,2.800975342E0
2.748723875E0,2.565664673E-1,9.154213715E0,2.556982727E0
2.758662875E0,3.121009827E-1,8.945397949E0,1.868713989E0
2.768601875E0,4.436773682E-1,8.702303467E0,1.154249725E0
2.778540875E0,5.267546082E-1,8.765771484E0,7.214996338E-1
2.788479875E0,2.261796570E-1,8.773704987E0,2.520758057E-1
2.798418875E0,1.917512512E-1,8.715476074E0,-2.398013306E-1
2.808357875E0,3.216810608E-1,8.537795563E0,-4.143383789E-1
2.818295875E0,3.987707520E-1,8.520132294E0,-2.698887634E-1
2.828234875E0,4.412823486E-1,8.670419769E0,-1.981878662E-1
2.838173875E0,4.191284180E-1,8.819958801E0,-1.013392639E-1
2.848112875E0,3.790118408E-1,8.874894562E0,1.341210938E-1
2.858051875E0,4.237687683E-1,8.954079895E0,2.796185303E-1
2.867990875E0,3.849993896E-1,8.990454254E0,3.025209045E-1
2.877929875E0,3.516188049E-1,8.955127716E0,2.278262329E-1
2.887868875E0,2.941383362E-1,8.903784485E0,1.103205872E-1
2.897807875E0,3.070115662E-1,8.877139893E0,1.480421448E-1
2.907746875E0,4.059558105E-1,8.902586975E0,1.832189941E-1
2.917685875E0,4.965174866E-1,8.984167328E0,1.737886047E-1
2.927624875E0,4.987628174E-1,9.071735229E0,2.697390747E-1
2.937563875E0,5.111869812E-1,9.177415466E0,4.487667847E-1
2.947501875E0,6.556365967E-1,9.342372437E0,8.373587036E-1
2.957440875E0,7.506889343E-1,9.562863922E0,1.074166260E0
2.967379875E0,6.997947693E-1,9.677675171E0,1.124611359E0
2.977318875E0,6.385720825E-1,9.757010193E0,1.276545410E0
2.987257875E0,5.614823914E-1,9.822124786E0,1.469045105E0
2.997196875E0,4.013154602E-1,9.926906891E0,1.485361176E0
3.007135875E0,1.742376709E-1,1.001297791E1,1.420396271E0
3.017074875E0,6.780899048E-2,1.008572662E1,1.332229614E0
3.027013875E0,2.350112915E-2,1.010563522E1,1.443448334E0
3.036952875E0,3.405418396E-1,1.020877075E1,1.683099976E0
3.046891875E0,6.342311096E-1,1.020742355E1,1.912123718E0
3.056830875E0,6.575825500E-1,1.023870850E1,2.162552948E0
3.066769875E0,5.617817688E-1,1.029184799E1,2.407294006E0
3.076708875E0,3.125500488E-1,1.016581009E1,2.510878601E0
3.086647875E0,-1.460961914E-1,9.989776154E0,2.466570740E0
3.096585875E0,5.522016907E-1,1.040965302E1,2.425556030E0
3.106524875E0,8.225395203E-1,1.065753754E1,2.370470581E0
3.116463875E0,7.297325134E-1,1.047117508E1,2.166145477E0
3.126402875E0,4.986131287E-1,1.017778519E1,2.107018433E0
3.136341875E0,3.350033569E-1,1.007973907E1,2.054028625E0
3.146280875E0,4.376898193E-1,1.018077896E1,1.357826385E0
3.156219875E0,5.182223511E-1,1.005683670E1,1.115929413E0
3.166158875E0,5.483097839E-1,9.972412262E0,8.331674194E-1
3.176097875E0,5.471122742E-1,1.008198441E1,3.498225403E-1
3.186036875E0,6.625222778E-1,1.031864227E1,-2.697390747E-1
3.195975875E0,4.569996643E-1,1.026640091E1,-1.051563263E0
3.205914875E0,-8.083190918E-2,9.933493195E0,-1.313518524E0
3.215853875E0,5.309458923E-1,9.632768555E0,-2.117496643E0
3.225792875E0,7.265890503E-1,9.283095703E0,-2.810705109E0
3.235730875E0,1.272354126E-1,9.123377838E0,-2.911595306E0
3.245669875E0,7.334747314E-2,9.316476288E0,-2.717898102E0
3.255608875E0,4.096980286E-1,9.476343842E0,-2.876268768E0
3.265547875E0,5.926176453E-1,9.415719910E0,-3.042872314E0
3.275486875E0,7.783813477E-1,9.308243408E0,-3.201542358E0
3.285425875E0,1.234482880E0,9.451495514E0,-3.480113068E0
3.295364875E0,1.588945770E0,9.583221588E0,-4.874613190E0
3.305303875E0,8.610095215E-1,9.596394196E0,-5.088368683E0
3.315242875E0,7.026388550E-1,9.105265503E0,-4.055965576E0
3.325181875E0,6.972500610E-1,8.822054443E0,-4.252656555E0
3.335120875E0,5.328918457E-1,8.590336304E0,-4.329446869E0
3.345059875E0,5.650749207E-1,8.354875946E0,-4.703668671E0
3.354998875E0,3.432362366E-1,7.930658112E0,-5.256918182E0
3.364937875E0,2.026785278E-1,7.238497467E0,-5.144651642E0
3.374875875E0,-2.201921082E-1,6.948700104E0,-5.334756317E0
3.384814875E0,-3.540138245E-1,6.851402435E0,-5.922883301E0
3.394753875E0,-4.314028931E-1,6.751110992E0,-7.084467773E0
3.404692875E0,-5.652246094E-1,6.437962189E0,-7.799081726E0
3.414631875E0,-1.006956024E0,5.949677582E0,-7.351662140E0
3.424570875E0,-8.140072632E-1,6.032006378E0,-6.940167847E0
3.434509875E0,-7.179071045E-1,6.371949463E0,-6.979685669E0
3.444448875E0,-7.396119690E-1,6.418053589E0,-7.002887421E0
3.454387875E0,-7.686515808E-1,6.358477478E0,-6.741830292E0
3.464326875E0,-8.054750061E-1,6.090235291E0,-6.712191925E0
3.474265875E0,-9.252259827E-1,5.546116791E0,-6.753356323E0
3.484204875E0,-8.388555908E-1,5.388494568E0,-7.051236877E0
3.494143875E0,-8.595126343E-1,5.470823364E0,-7.361391907E0
3.504082875E0,-4.593946838E-1,5.149441681E0,-7.618108063E0
3.514021875E0,-2.948867798E-1,4.898413696E0,-8.000862122E0
3.523960875E0,-4.966671753E-1,4.824916534E0,-8.399782562E0
3.533898875E0,-3.200344849E-1,5.020260315E0,-8.714877319E0
3.543837875E0,-3.225791931E-1,5.165009308E0,-8.813821564E0
3.553776875E0,-5.891748047E-1,4.977898407E0,-8.839568024E0
3.563715875E0,-9.864486694E-1,4.586911469E0,-8.847052460E0
3.573654875E0,-9.267228699E-1,4.341421967E0,-8.678802338E0
3.583593875E0,-1.028960266E0,4.254602509E0,-8.751101990E0
3.593532875E0,-9.961784363E-1,4.143832855E0,-8.814420319E0
3.603471875E0,-9.497749329E-1,3.880380707E0,-8.933422852E0
3.613410875E0,-9.551637268E-1,3.585493927E0,-9.344019012E0
3.623349875E0,-8.801696777E-1,3.288810883E0,-9.685908051E0
3.633288875E0,-7.997868347E-1,3.032543793E0,-9.552685089E0
3.643227875E0,-8.291258240E-1,2.820135498E0,-9.501491547E0
3.653166875E0,-8.762777710E-1,2.762505341E0,-9.262288971E0
3.663105875E0,-7.047344971E-1,2.710862732E0,-9.036857758E0
3.673044875E0,-9.267228699E-1,2.403402100E0,-8.739725647E0
3.682984083E0,-1.100062408E0,2.013013916E0,-8.903335419E0
3.692922083E0,-1.126707001E0,1.524130554E0,-9.510173492E0
3.702861083E0,-1.161135406E0,1.070274353E0,-9.986033936E0
3.712800083E0,-1.298250275E0,7.438032532E-1,-9.575886841E0
3.722739083E0,-1.181642761E0,1.092428284E0,-8.652457123E0
3.732678083E0,-1.062191162E0,1.414857788E0,-8.318950653E0
3.742617083E0,-1.115630035E0,1.447190552E0,-8.470435638E0
3.752556083E0,-1.434916077E0,1.218466187E0,-8.686586151E0
3.762495083E0,-1.717079315E0,7.277865601E-1,-9.032516785E0
3.772434083E0,-1.635049896E0,2.194436646E-1,-9.449250183E0
3.782373083E0,-1.568288727E0,-2.249821472E-1,-9.967622223E0
3.792312083E0,-1.413061523E0,-6.577322388E-1,-9.868228912E0
3.802251083E0,-1.196312256E0,-1.007255402E0,-9.721983032E0
3.812190083E0,-1.046473846E0,-6.653663635E-1,-9.801168365E0
3.822129083E0,-1.106349335E0,-2.320175171E-1,-1.007599686E1
3.832068083E0,-7.268884277E-1,-8.652008057E-2,-9.961784363E0
3.842007083E0,-5.493576050E-1,-7.888595581E-2,-1.009904892E1
3.851945083E0,-5.207670593E-1,-2.339634705E-1,-1.012868729E1
3.861884083E0,-7.857160950E-1,-2.796185303E-1,-1.008812164E1
3.871823083E0,-1.182091827E0,-5.562432861E-1,-9.409432983E0
3.881762083E0,-1.156644745E0,-6.156697083E-1,-8.773555298E0
3.891701083E0,-1.087039490E0,-3.303630066E-1,-8.730594635E0
3.901640083E0,-1.043480072E0,-3.405418396E-1,-8.953181763E0
3.911579083E0,-1.113085327E0,-6.782395935E-1,-9.331744537E0
3.921518083E0,-1.257984009E0,-7.200027466E-1,-9.542805634E0
3.931457083E0,-1.216969299E0,-3.670367432E-1,-9.726773071E0
3.941396083E0,-9.928852844E-1,-2.766247559E-1,-9.644743652E0
3.951335083E0,-8.243357849E-1,-4.016148376E-1,-9.393715668E0
3.961274083E0,-8.848100281E-1,-2.269281006E-1,-9.291627960E0
3.971213083E0,-8.271798706E-1,1.022373962E-1,-9.481133881E0
3.981152083E0,-4.813989258E-1,-6.421646118E-2,-9.739945679E0
3.991091083E0,-2.375559998E-1,-3.234773254E-1,-9.944570160E0
4.001030083E0,-3.291654968E-1,-2.665956116E-1,-9.990374908E0
4.010969083E0,-3.400927734E-1,-9.340576172E-2,-9.958191833E0
4.020907083E0,-2.915936279E-1,-9.101074219E-2,-9.792187042E0
4.030846083E0,-4.058061218E-1,-8.801696777E-2,-9.799671478E0
4.040785083E0,-5.257067871E-1,-2.011816406E-1,-1.007479935E1
4.050724083E0,-6.465055847E-1,-4.837939453E-1,-1.049722092E1
4.060663083E0,-7.786807251E-1,-6.843768311E-1,-1.049497559E1
4.070602083E0,-7.496411133E-1,-5.779481506E-1,-1.018811371E1
4.080541083E0,-7.731422424E-1,-1.196012878E-1,-1.004516098E1
4.090480083E0,-7.045848083E-1,3.453318787E-1,-9.995464325E0
4.100419083E0,-6.165678406E-1,8.596623230E-1,-9.261241150E0
4.110358083E0,-4.713697815E-1,1.489851837E0,-8.945847015E0
4.120297083E0,-8.119116211E-1,1.553469543E0,-9.297615509E0
4.130236083E0,-8.783734131E-1,1.175655212E0,-9.397906952E0
4.140175083E0,-8.655001831E-1,9.732760620E-1,-9.642797699E0
4.150114083E0,-9.473799133E-1,1.134640503E0,-9.771829376E0
4.160053083E0,-9.340576172E-1,1.255139923E0,-1.006701553E1
4.169992083E0,-8.663983154E-1,1.219364319E0,-1.023915756E1
4.179931083E0,-7.322772217E-1,1.567989349E0,-1.034528687E1
4.189870083E0,-6.207591248E-1,2.083517303E0,-1.028032196E1
4.199808083E0,-4.346960449E-1,2.697989502E0,-9.479786682E0
4.209747083E0,1.347198486E-1,3.537743225E0,-8.845405884E0
4.219686083E0,4.354444885E-1,4.271966400E0,-8.153993683E0
4.229625083E0,5.933660889E-1,4.797224121E0,-7.492219849E0
4.239564083E0,4.099974060E-1,5.203179932E0,-7.003785553E0
4.249503083E0,3.089575195E-1,5.509742432E0,-6.777156830E0
4.259442083E0,1.206491089E-1,5.571114807E0,-7.222480774E0
4.269381083E0,4.361929321E-1,5.644013214E0,-8.034242706E0
4.279320083E0,5.947132874E-1,5.639971619E0,-7.903115387E0
4.289259083E0,-7.185058594E-3,5.578000488E0,-7.846982117E0
4.299198083E0,-1.697470093E-1,5.690716095E0,-7.869435425E0
4.309137083E0,1.384620667E-1,6.079757080E0,-7.198680267E0
4.319076083E0,4.760101318E-1,6.562503204E0,-6.667434998E0
4.329015083E0,8.327183533E-1,7.065606995E0,-6.126609650E0
4.338954083E0,1.121318207E0,7.466772766E0,-5.601950684E0
4.348893083E0,1.125210114E0,7.589218140E0,-5.261857910E0
4.358832083E0,9.035211182E-1,7.449857941E0,-5.168302460E0
4.368771083E0,6.219566345E-1,7.341632996E0,-5.117857361E0
4.378710083E0,4.421804810E-1,7.476951599E0,-5.141358490E0
4.388648083E0,3.450325012E-1,7.714357910E0,-4.932692413E0
4.398587083E0,5.242098999E-1,8.056995392E0,-4.586013336E0
4.408526083E0,7.003935242E-1,8.517437897E0,-3.920796661E0
4.418465083E0,9.256750488E-1,8.818761292E0,-3.094664612E0
4.428404083E0,1.004261627E0,8.958869934E0,-2.329605560E0
4.438343083E0,9.192384338E-1,9.188193054E0,-1.570534058E0
4.448282083E0,7.566764832E-1,9.386979675E0,-1.002016296E0
4.458221083E0,5.469625854E-1,9.401050415E0,-9.648934937E-1
4.468160083E0,4.752616882E-1,9.501491547E0,-1.169667664E0
4.478099083E0,6.005511475E-1,9.621242523E0,-1.304387512E0
4.488038083E0,6.264472961E-1,9.524992676E0,-1.087937622E0
4.497977083E0,8.170010376E-1,9.762548676E0,-9.273216248E-1
4.507916083E0,7.348219299E-1,9.813143463E0,-9.087602234E-1
4.517855083E0,7.204518127E-1,9.590107269E0,-8.958869934E-1
4.527794083E0,6.867718506E-1,9.436376953E0,-8.222401428E-1
4.537733083E0,7.357200623E-1,9.490863647E0,-4.761598206E-1
4.547672083E0,6.044430542E-1,9.654323730E0,1.320254517E-1
4.557611083E0,4.522096252E-1,9.738598480E0,6.815327454E-1
4.567550083E0,4.418811035E-1,9.757459259E0,8.660989380E-1
4.577489083E0,5.936654663E-1,9.810149689E0,1.080453186E0
4.587427083E0,6.837780762E-1,9.877210236E0,1.278790741E0
4.597366083E0,6.252497864E-1,9.776769104E0,1.325044556E0
4.607305083E0,5.742059326E-1,9.608069916E0,1.292262726E0
4.617244083E0,5.993536377E-1,9.497899017E0,1.390159149E0
4.627183083E0,7.348219299E-1,9.475445709E0,1.531315613E0
4.637122083E0,7.053332520E-1,9.369466095E0,1.734592896E0
4.647061083E0,6.198609924E-1,9.241931305E0,2.016606445E0
4.657000083E0,6.026467896E-1,9.240284729E0,2.567161560E0
4.666939083E0,6.574328613E-1,9.415719910E0,3.132984924E0
4.676878083E0,6.806346130E-1,9.614506531E0,3.561693420E0
4.686817000E0,7.114704895E-1,9.677824860E0,4.083208923E0
4.696756000E0,7.402107239E-1,9.765243073E0,4.365821228E0
4.706695000E0,7.390132141E-1,9.799222412E0,4.374203796E0
4.716634000E0,6.755451965E-1,9.722132721E0,4.362228699E0
4.726573000E0,5.191204834E-1,9.675280151E0,4.187242584E0
4.736512000E0,4.577481079E-1,9.488618317E0,3.961362305E0
4.746451000E0,3.444337463E-1,9.337582397E0,3.830833740E0
4.756390000E0,2.956352234E-1,9.317823486E0,3.698209534E0
4.766329000E0,3.071612549E-1,9.324858856E0,3.679049377E0
4.776268000E0,3.183879089E-1,9.432934113E0,3.633544006E0
4.786207000E0,2.790197754E-1,9.509574738E0,3.583098907E0
4.796145000E0,2.450404358E-1,9.569599915E0,3.564088440E0
4.806084000E0,3.309617615E-1,9.677375793E0,3.551963654E0
4.816023000E0,3.797602844E-1,9.608968048E0,3.423830109E0
4.825962000E0,3.781137085E-1,9.520502014E0,3.283272400E0
4.835901000E0,3.829037476E-1,9.442813568E0,3.207080841E0
4.845840000E0,3.465293884E-1,9.423653412E0,3.080444183E0
4.855779000E0,4.183799744E-1,9.412127380E0,3.119063873E0
4.865718000E0,4.757107544E-1,9.386829987E0,3.080893250E0
4.875657000E0,5.993536377E-1,9.468110962E0,3.068169708E0
4.885596000E0,6.370751953E-1,9.515711975E0,3.019371185E0
4.895535000E0,7.381150818E-1,9.572294312E0,2.967878265E0
4.905474000E0,6.429130554E-1,9.668843536E0,2.889890442E0
4.915413000E0,5.712121582E-1,9.665700073E0,2.719844055E0
4.925352000E0,5.876779175E-1,9.529483337E0,2.479144592E0
4.935291000E0,5.532495117E-1,9.405690765E0,2.301314392E0
4.945230000E0,4.912783813E-1,9.324110413E0,2.234253845E0
4.955169000E0,4.893324280E-1,9.358538818E0,2.300565948E0
4.965108000E0,5.498066711E-1,9.409283295E0,2.403102722E0
4.975047000E0,5.520520020E-1,9.445807343E0,2.665057983E0
4.984986000E0,5.963598633E-1,9.523495789E0,2.875670013E0
4.994925000E0,6.956034851E-1,9.644144897E0,3.003803558E0
5.004864000E0,8.146060181E-1,9.459279327E0,2.952011261E0
5.014803000E0,9.717791748E-1,9.417665863E0,2.746937714E0
5.024741000E0,9.279203796E-1,9.455387421E0,2.417921906E0
5.034680000E0,8.211923218E-1,9.496851196E0,2.210004272E0
5.044619000E0,7.547305298E-1,9.470505981E0,1.979483643E0
5.054558000E0,6.640191650E-1,9.467961273E0,1.917662201E0
5.064497000E0,6.834786987E-1,9.535770264E0,1.998194733E0
5.074436000E0,7.104226685E-1,9.582024078E0,2.325713654E0
5.084375000E0,7.869136047E-1,9.710307312E0,2.754272461E0
5.094314000E0,8.075706482E-1,9.727970581E0,3.041674805E0
5.104253000E0,1.022972717E0,9.824220428E0,3.355871429E0
5.114192000E0,9.764195251E-1,9.825867004E0,3.489842834E0
5.124131000E0,1.133892059E0,9.873767395E0,3.587290192E0
5.134070000E0,1.317560120E0,9.850116577E0,3.643124084E0
5.144009000E0,1.474882965E0,9.756710815E0,3.423979797E0
5.153948000E0,1.442400513E0,9.441017303E0,3.149600372E0
5.163887000E0,1.638792114E0,8.912017365E0,2.876418457E0
5.173826000E0,1.583407288E0,9.188043365E0,2.934497681E0
5.183765000E0,1.149160309E0,9.174721069E0,3.417692871E0
5.193704000E0,8.135581970E-1,9.311835938E0,3.555406494E0
5.203643000E0,7.662565613E-1,9.688452759E0,3.451073456E0
5.213582000E0,5.770500183E-1,9.281598816E0,3.271746368E0
5.223521000E0,-4.071533203E-2,8.606951752E0,3.202889557E0
5.233460000E0,-2.712359619E-1,9.614955597E0,3.630699921E0
5.243399000E0,-6.459068298E-1,1.051323761E1,3.500321045E0
5.253337000E0,-8.071215820E-1,1.025367737E1,3.184328156E0
5.263276000E0,-7.548802185E-1,9.427096252E0,2.538870392E0
5.273215000E0,-7.966433716E-1,8.915310516E0,2.249073029E0
5.283154000E0,-9.126521301E-1,8.527017975E0,2.069596252E0
5.293093000E0,-5.379812622E-1,8.282127228E0,1.518891449E0
5.303032000E0,-5.164260864E-2,8.695268097E0,5.604345703E-1
5.312971000E0,9.924362183E-2,9.286688232E0,1.432521057E-1
5.322910000E0,2.799179077E-1,1.000818787E1,8.607101440E-2
5.332849000E0,1.380130005E-1,1.013751892E1,1.309776306E-1
5.342788000E0,-6.426136780E-1,9.863289185E0,4.439767456E-1
5.352727000E0,-1.596130829E0,1.016176849E1,8.125103760E-1
5.362666000E0,-1.789977722E0,1.013647110E1,6.882687378E-1
5.372605000E0,-1.668430481E0,1.029903305E1,2.776725769E-1
5.382544000E0,-1.766476593E0,1.082563797E1,8.158035278E-2
5.392483000E0,-1.789828033E0,1.085737198E1,-2.562670898E-1
5.402422000E0,-1.930984497E0,1.049587372E1,-4.793032837E-1
5.412361000E0,-2.205513611E0,1.030082932E1,-7.828720093E-2
5.422300000E0,-3.082839203E0,9.733509064E0,6.439608765E-1
5.432239000E0,-3.532653809E0,9.280700684E0,1.452729034E0
5.442178000E0,-3.559747467E0,8.829688568E0,1.988315277E0
5.452117000E0,-3.574716339E0,8.344697113E0,2.261048126E0
5.462056000E0,-3.051853638E0,8.195906525E0,2.123334503E0
5.471995000E0,-2.484383698E0,8.635093231E0,1.471739502E0
5.481934000E0,-2.260748749E0,8.794811096E0,7.455995178E-1
5.491873000E0,-2.027533722E0,8.652756500E0,5.559439087E-1
5.501812000E0,-2.166594543E0,8.606951752E0,7.839198303E-1
5.511751000E0,-2.459235992E0,8.778944092E0,1.158740387E0
5.521690000E0,-2.541265411E0,9.092991028E0,1.406325531E0
5.531628000E0,-2.444865875E0,9.310039673E0,1.269809418E0
5.541567000E0,-2.309098206E0,9.383836212E0,9.150471497E-1
5.551506000E0,-2.307002563E0,9.330097961E0,7.318281555E-1
5.561445000E0,-2.272574158E0,9.387428741E0,7.954458618E-1
5.571384000E0,-2.520308990E0,9.455387421E0,9.804611206E-1
5.581323000E0,-2.564167786E0,9.586963806E0,1.206191711E0
5.591262000E0,-2.231260071E0,9.658065948E0,1.150507507E0
5.601201000E0,-1.997745667E0,9.579030304E0,9.303153992E-1
5.611140000E0,-2.070195007E0,9.392368469E0,9.397457886E-1
5.621079000E0,-2.223925323E0,9.194779358E0,9.695338440E-1
5.631018000E0,-2.347268829E0,9.011859741E0,1.161584473E0
5.640957000E0,-2.350711670E0,8.923244019E0,1.416204987E0
5.650896000E0,-2.253713379E0,8.846304016E0,1.504521332E0
5.660835000E0,-2.359243927E0,8.888067169E0,1.483864288E0
5.670774000E0,-2.575244751E0,9.050479431E0,1.493893433E0
5.680713000E0,-2.553090820E0,9.223519592E0,1.362167358E0
5.690652208E0,-2.367776184E0,9.456734619E0,1.107247467E0
5.700591208E0,-2.240241394E0,9.660610657E0,1.002016296E0
5.710530208E0,-2.157912598E0,9.689799957E0,7.857160950E-1
5.720469208E0,-2.037712555E0,9.724078674E0,5.698649597E-1
5.730408208E0,-2.046394501E0,9.762698364E0,4.728666687E-1
5.740347208E0,-1.867815857E0,9.698481903E0,3.180885315E-1
5.750286208E0,-2.012864227E0,9.530231781E0,2.923420715E-1
5.760225208E0,-2.182611237E0,9.444011078E0,4.968168640E-1
5.770164208E0,-2.242187347E0,9.480535126E0,6.125262451E-1
5.780103208E0,-2.127525787E0,9.824669495E0,5.840853882E-1
5.790042208E0,-2.109862518E0,9.866282959E0,5.806425476E-1
5.799981208E0,-2.236349487E0,9.608069916E0,7.373666382E-1
5.809920208E0,-2.342778168E0,9.571845245E0,6.053411865E-1
5.819859208E0,-2.486479340E0,9.637558594E0,6.581813049E-1
5.829797208E0,-2.692451019E0,9.569150848E0,1.198258209E0
5.839736208E0,-2.794389038E0,9.638157349E0,1.497935028E0
5.849675208E0,-2.653681641E0,9.736053772E0,1.209185486E0
5.859614208E0,-2.406695251E0,9.642947388E0,5.340893555E-1
5.869553208E0,-2.243684235E0,9.342821503E0,2.932402039E-1
5.879492208E0,-2.287992096E0,8.806786194E0,9.979747009E-1
5.889431208E0,-2.293680267E0,8.352031860E0,1.792672119E0
5.899370208E0,-2.219434662E0,8.074059906E0,2.854114838E0
5.909309208E0,-2.469265137E0,7.957602081E0,4.179608459E0
5.919248208E0,-2.546803894E0,8.440497894E0,4.731660461E0
5.929187208E0,-1.790576477E0,8.857081604E0,4.452640686E0
5.939126208E0,-1.420096893E0,9.104966125E0,3.308569794E0
5.949065208E0,-1.490001526E0,9.380543060E0,2.400707703E0
5.959004208E0,-1.490450592E0,9.344917145E0,1.862427063E0
5.968943208E0,-1.224453735E0,9.205407257E0,2.019600220E0
5.978882208E0,-1.025816803E0,9.099727020E0,2.608924713E0
5.988821208E0,-8.861572266E-1,9.210496674E0,3.093467102E0
5.998760208E0,-3.692820740E-1,9.332193604E0,3.402873688E0
6.008699208E0,-2.630030823E-1,9.460327148E0,3.992796936E0
6.018638208E0,-4.498146057E-1,9.727521515E0,3.988156586E0
6.028577208E0,-5.519023132E-1,9.917476501E0,3.546275482E0
6.038516208E0,-7.952961731E-1,1.006941055E1,3.082839203E0
6.048455208E0,-6.514453125E-1,9.768386536E0,2.949616241E0
6.058394208E0,-4.671784973E-1,9.423054657E0,3.090173950E0
6.068333208E0,-3.905378723E-1,9.417216797E0,2.755919037E0
6.078272208E0,-2.219883728E-1,9.642947388E0,2.373614044E0
6.088211208E0,-2.713856506E-1,9.771080933E0,2.016606445E0
6.098150208E0,-3.378474426E-1,9.721983032E0,1.972448273E0
6.108089208E0,-2.877017212E-1,9.690548401E0,2.366578674E0
6.118028208E0,-3.438349915E-1,9.691446533E0,2.708467712E0
6.127967208E0,-3.046165466E-1,9.533225555E0,2.788700867E0
6.137906208E0,-1.848655701E-1,9.409432983E0,2.479743347E0
6.147845208E0,-7.379653931E-2,9.486672363E0,1.617386627E0
6.157784208E0,-9.430389404E-3,9.715396729E0,1.139280853E0
6.167723208E0,-1.341210938E-1,9.774972839E0,1.099164276E0
6.177662208E0,-2.978805542E-1,9.643845520E0,1.169068909E0
6.187601208E0,-2.562670898E-1,9.485624542E0,1.372495880E0
6.197539208E0,-2.513273621E-1,9.464817810E0,1.625469818E0
6.207478208E0,-2.586621094E-1,9.500144348E0,1.522633667E0
6.217417208E0,-1.585203552E-1,9.545350342E0,1.551224213E0
6.227356208E0,-1.712438965E-1,9.542655945E0,1.872905273E0
6.237295208E0,-1.013392639E-1,9.622739410E0,1.972747650E0
6.247234208E0,-5.164260864E-2,9.649683380E0,1.918710022E0
6.257173208E0,-1.507365417E-1,9.578581238E0,1.602118378E0
6.267112208E0,-1.248403931E-1,9.511071625E0,1.340013428E0
6.277051208E0,-2.549198914E-1,9.502090302E0,1.068927155E0
6.286990208E0,-3.881428528E-1,9.494007111E0,1.110989685E0
6.296929208E0,6.271957397E-2,9.576784973E0,9.979747009E-1
6.306868208E0,-3.486250305E-1,9.447753296E0,1.736089783E0
6.316807208E0,-2.956352234E-1,9.257049866E0,2.171234894E0
6.326746208E0,-9.774673462E-2,9.329948273E0,1.814975739E0
6.336685208E0,-4.137396240E-1,9.461225281E0,2.187101898E0
6.346624208E0,-3.106040955E-1,9.539213104E0,2.554138641E0
6.356563208E0,-2.064207458E-1,9.445807343E0,3.068169708E0
6.366502208E0,-3.427871704E-2,9.426647186E0,3.150797882E0
6.376441208E0,-8.607101440E-2,9.387279053E0,2.835104370E0
6.386380208E0,-2.297721863E-1,9.270222473E0,2.708617401E0
6.396319208E0,3.742218018E-3,9.314380646E0,3.212170258E0
6.406258208E0,8.038284302E-2,9.516161041E0,3.357218628E0
6.416197208E0,-6.286926270E-3,9.454788666E0,2.929108887E0
6.426136208E0,1.683998108E-1,9.177116089E0,2.565215607E0
6.436075208E0,2.627037048E-1,9.075327759E0,2.520159302E0
6.446014208E0,6.183641052E-1,9.220675507E0,2.922821960E0
6.455953208E0,7.457492065E-1,9.467961273E0,2.887196045E0
6.465892208E0,5.917195129E-1,9.455836487E0,2.086810455E0
6.475831208E0,3.911366272E-1,9.311386871E0,9.876461792E-1
6.485770208E0,6.388714600E-1,9.353449402E0,4.137396240E-1
6.495709208E0,1.501677246E0,9.445657654E0,2.541714478E-1
6.505648208E0,1.843566284E0,9.513017578E0,5.186714172E-1
6.515587208E0,2.102976837E0,9.593849487E0,1.168470154E0
6.525526208E0,2.104623413E0,9.779912567E0,1.350192261E0
6.535465208E0,1.777403870E0,9.617500305E0,1.415007477E0
6.545404208E0,1.638343048E0,9.617799683E0,1.520538025E0
6.555343208E0,1.663490753E0,9.817933502E0,1.495540009E0
6.565282208E0,1.647324371E0,9.400900726E0,1.172511749E0
6.575221208E0,1.530267792E0,9.498647461E0,4.608915710E-1
6.585160208E0,9.762698364E-1,9.808054047E0,-4.513114929E-1
6.595099208E0,1.091679840E0,9.673483887E0,-1.128802643E0
6.605038208E0,1.787433014E0,9.503587189E0,-1.210532684E0
6.614977208E0,2.253114624E0,9.726473694E0,-5.224136353E-1
6.624916208E0,2.565514984E0,9.886341248E0,1.597178650E-1
6.634855208E0,2.553390198E0,9.615853729E0,3.616479492E-1
6.644794208E0,2.157613220E0,9.884544983E0,3.052153015E-1
6.654732208E0,1.516197052E0,1.026819717E1,-2.633024597E-1
6.664671208E0,1.349294128E0,1.020188507E1,-8.611592102E-1
6.674610208E0,1.303938446E0,9.888586578E0,-8.192463684E-1
6.684549708E0,1.531914368E0,9.879904633E0,-1.176703033E0
6.694488708E0,1.595532074E0,1.010324020E1,-1.514101410E0
6.704427708E0,1.055754547E0,9.884694672E0,-1.328936462E0
6.714366708E0,9.451345825E-1,9.660011902E0,-1.378184052E0
6.724305708E0,1.082548828E0,9.660161591E0,-1.156794434E0
6.734244708E0,1.002615051E0,9.898466034E0,-5.978567505E-1
6.744183708E0,8.765771484E-1,1.003827530E1,-5.647755432E-1
6.754122708E0,1.163081360E0,1.005279510E1,-7.631130981E-1
6.764061708E0,1.427281952E0,1.003138962E1,-9.675878906E-1
6.774000708E0,1.597328339E0,1.003363495E1,-9.355545044E-1
6.783939708E0,1.667831726E0,9.977950745E0,-8.749305725E-1
6.793878708E0,1.521735535E0,9.873168640E0,-1.021625519E0
6.803817708E0,1.201251984E0,9.818681946E0,-1.306782532E0
6.813756708E0,6.333329773E-1,9.730066223E0,-1.632205811E0
6.823695708E0,9.819580078E-2,9.584269409E0,-2.184706879E0
6.833634708E0,-2.389031982E-1,9.442963257E0,-2.548300781E0
6.843573708E0,-2.454895020E-1,9.356143799E0,-2.635718994E0
6.853512708E0,2.453398132E-1,9.443861389E0,-2.506387939E0
6.863451708E0,8.605604553E-1,9.591753845E0,-1.976489868E0
6.873390708E0,1.003662872E0,9.681866455E0,-1.195863190E0
6.883329708E0,5.105882263E-1,9.734856262E0,-7.616162109E-1
6.893268708E0,5.373825073E-2,9.634115753E0,-9.211843872E-1
6.903207708E0,-2.239343262E-1,9.640702057E0,-1.090482330E0
6.913146708E0,-2.534230042E-1,9.752369843E0,-9.470805359E-1
6.923085708E0,7.783813477E-3,9.738598480E0,-8.967851257E-1
6.933024708E0,2.442919922E-1,9.532177734E0,-1.019080811E0
6.942963708E0,3.547622681E-1,9.376501465E0,-1.228195953E0
6.952902708E0,3.275189209E-1,9.330846405E0,-1.482068024E0
6.962841708E0,3.333567810E-1,9.373208313E0,-1.738335114E0
6.972780708E0,1.143621826E-1,9.461973724E0,-1.926643524E0
6.982719708E0,-2.139051819E-1,9.620943146E0,-1.813778229E0
6.992658708E0,-3.315605164E-1,9.739197235E0,-1.793719940E0
7.002597708E0,-3.152444458E-1,9.759554901E0,-1.936522980E0
7.012536708E0,-2.314187622E-1,9.827962646E0,-1.863624573E0
7.022475708E0,-8.741821289E-2,9.894574127E0,-1.622625732E0
7.032414708E0,3.832031250E-2,9.952803040E0,-1.449435883E0
7.042353708E0,1.137634277E-1,9.836345215E0,-1.219064941E0
7.052292708E0,6.376739502E-2,9.767937469E0,-1.105151825E0
7.062231708E0,-1.330732727E-1,9.797426147E0,-1.221609650E0
7.072170708E0,-2.739303589E-1,9.797725525E0,-1.284927979E0
7.082109708E0,-4.225712585E-1,9.830956421E0,-1.362616425E0
7.092048708E0,-5.484594727E-1,9.890682220E0,-1.389859772E0
7.101987708E0,-6.929090881E-1,1.002315674E1,-1.259480896E0
7.111926708E0,-8.448431396E-1,1.015458344E1,-1.182840271E0
7.121865708E0,-9.818083191E-1,1.001746857E1,-1.146016846E0
7.131804708E0,-6.292913818E-1,1.009695328E1,-8.601113892E-1
7.141743708E0,-1.691482544E-1,1.019245468E1,-3.852987671E-1
7.151682708E0,2.504292297E-1,1.022269180E1,1.278341675E-1
7.161621708E0,3.882925415E-1,1.031684601E1,5.010081482E-1
7.171560708E0,4.171824646E-1,1.042147842E1,4.676275635E-1
7.181499708E0,7.098239136E-1,1.058898010E1,1.826202393E-1
7.191438708E0,1.155746613E0,1.070813232E1,-9.595046997E-2
7.201377708E0,1.452878723E0,1.042357407E1,2.844085693E-3
7.211316708E0,2.123933258E0,1.015667908E1,8.861572266E-2
7.221255708E0,2.947071533E0,9.982591095E0,2.448907471E-1
7.231194708E0,3.532055054E0,9.676627350E0,5.647755432E-1
7.241133708E0,4.049978027E0,9.424850922E0,8.496331787E-1
7.251072708E0,4.541406097E0,9.292975159E0,1.191821594E0
7.261011708E0,4.940176849E0,9.074729004E0,1.268911285E0
7.270950708E0,4.963378601E0,8.803792419E0,1.191971283E0
7.280889708E0,4.735851746E0,8.292605438E0,2.428100739E0
7.290828708E0,4.704267426E0,8.421786804E0,2.049837341E0
7.300767708E0,4.186344452E0,8.745713196E0,1.117725677E0
7.310706708E0,3.567830658E0,8.596473541E0,1.261127472E0
7.320645708E0,3.299289093E0,8.458610229E0,1.129850464E0
7.330584708E0,3.275488586E0,8.372090149E0,1.066083069E0
7.340523708E0,3.212918701E0,8.129444733E0,9.434880066E-1
7.350462708E0,3.057392120E0,7.936945038E0,4.195774841E-1
7.360401708E0,2.809507599E0,7.853718109E0,-6.137237549E-3
7.370340708E0,2.525847473E0,7.805069275E0,3.156935120E-1
7.380279708E0,2.513572998E0,8.083340607E0,1.362915802E0
7.390218708E0,2.519710236E0,8.263565826E0,2.356998596E0
7.400157708E0,2.203567657E0,8.691974945E0,2.840044098E0
7.410096708E0,1.968556366E0,9.025930481E0,2.669548645E0
7.420035708E0,2.074386292E0,9.040599976E0,2.449506226E0
7.429974708E0,2.052681427E0,8.958869934E0,2.427202606E0
7.439913708E0,1.894310760E0,8.917406158E0,2.622995453E0
7.449852708E0,1.867965546E0,8.883127441E0,2.818638611E0
7.459791708E0,1.894909515E0,8.929081879E0,2.838547211E0
7.469730708E0,1.952240295E0,8.982820129E0,2.761756897E0
7.479669708E0,2.118694153E0,9.228459320E0,2.769989777E0
7.489608708E0,2.244133301E0,9.351054382E0,2.868335266E0
7.499547708E0,2.393971710E0,9.240284729E0,2.864293671E0
7.509486708E0,2.564467163E0,9.072333984E0,2.786455536E0
7.519425708E0,2.656525726E0,8.915460205E0,2.901566162E0
7.529363708E0,2.577789459E0,8.793463898E0,3.116668854E0
7.539303708E0,2.280657349E0,8.820856934E0,3.242706757E0
7.549242708E0,1.964365082E0,9.145531769E0,3.220702515E0
7.559181708E0,1.723216553E0,9.372310181E0,3.238665161E0
7.569120708E0,1.572929077E0,9.466614075E0,3.272494812E0
7.579058708E0,1.603465576E0,9.520951080E0,3.185825043E0
7.588997708E0,1.707948303E0,9.391919403E0,3.109334106E0
7.598936708E0,1.960922241E0,9.247769165E0,3.005450134E0
7.608875708E0,2.021246796E0,9.134454803E0,3.020419006E0
7.618814708E0,1.966909790E0,9.147328033E0,3.163820801E0
7.628753708E0,1.939666443E0,9.237440643E0,3.302432556E0
7.638692708E0,1.906585236E0,9.288334808E0,3.423081665E0
7.648631708E0,1.927691345E0,9.341474304E0,3.564387817E0
7.658570708E0,1.831591187E0,9.417067108E0,3.662733307E0
7.668509708E0,2.365381165E0,9.589358826E0,3.409609680E0
7.678448708E0,2.063159637E0,9.342821503E0,3.507506104E0
7.688386708E0,1.765129395E0,9.519454193E0,3.539988556E0
7.698325708E0,1.469494171E0,9.721833344E0,3.270698547E0
7.708264708E0,1.157991943E0,9.731563110E0,2.997067566E0
7.718203708E0,1.126856689E0,9.639055481E0,2.812201996E0
7.728142708E0,1.097368011E0,9.435628510E0,2.659519501E0
7.738081708E0,1.022673340E0,9.483977966E0,2.682421875E0
7.748020708E0,8.652008057E-1,9.610315247E0,2.672991486E0
7.757959708E0,7.680528259E-1,9.500144348E0,2.369871826E0
7.767898708E0,9.500743103E-1,9.464967499E0,2.162103882E0
7.777837708E0,1.184037781E0,9.307644653E0,2.242786102E0
7.787776708E0,1.300046539E0,9.079219666E0,2.559527435E0
7.797715708E0,1.383423157E0,8.941655731E0,2.849175110E0
7.807654708E0,1.453926544E0,8.794511719E0,2.900069275E0
7.817593708E0,1.834135895E0,8.562793579E0,2.811902618E0
7.827532708E0,2.147584076E0,8.253536682E0,2.699935455E0
7.837471708E0,2.093247070E0,8.360863495E0,2.692900085E0
7.847410708E0,1.775457916E0,9.065298615E0,2.378254395E0
7.857349708E0,1.583257599E0,9.286837921E0,2.283501434E0
7.867288708E0,1.908082123E0,8.779393158E0,2.549198914E0
7.877227708E0,2.283052368E0,8.089777222E0,2.853366394E0
7.887166708E0,2.796035614E0,7.356003113E0,2.760260010E0
7.897105708E0,3.384911041E0,6.914122009E0,2.695444794E0
7.907044708E0,3.805087280E0,6.620133362E0,2.969674530E0
7.916983708E0,4.170926514E0,6.493796082E0,3.377875671E0
7.926922708E0,4.497547302E0,6.558162231E0,3.423680420E0
7.936861708E0,4.940027161E0,6.497388611E0,3.300785980E0
7.946800708E0,5.702990570E0,6.346801758E0,3.127895508E0
7.956739708E0,6.586004333E0,6.233637085E0,3.304528198E0
7.966678708E0,6.808741150E0,5.038821716E0,3.292702789E0
7.976617708E0,6.915918274E0,4.386777649E0,3.963158569E0
7.986556708E0,7.790998535E0,4.640949097E0,4.626578979E0
7.996495708E0,8.558901672E0,5.079537048E0,4.182602234E0
8.006434708E0,8.561446381E0,5.361400909E0,4.389621735E0
8.016373708E0,8.013585663E0,5.366939392E0,4.304748230E0
8.026312708E0,8.629255371E0,5.497617645E0,4.176315308E0
8.036251708E0,9.044342194E0,4.920567627E0,3.586541748E0
8.046190708E0,8.790919189E0,4.014950867E0,3.350183258E0
8.056129708E0,8.658444672E0,3.408561859E0,3.098257141E0
8.066068708E0,8.763526154E0,3.101250916E0,2.698139191E0
8.076007708E0,8.817713470E0,2.764451294E0,2.409689026E0
8.085946708E0,8.879085846E0,2.503394165E0,2.338586884E0
8.095885708E0,9.292226715E0,2.372566223E0,2.823877716E0
8.105824708E0,9.906100159E0,2.333946533E0,2.800376587E0
8.115763708E0,9.954150238E0,2.137405243E0,2.931354218E0
8.125702708E0,9.579778748E0,1.808090057E0,3.093766479E0
8.135641708E0,9.410480804E0,1.477727051E0,3.192261658E0
8.145580708E0,9.454189911E0,1.290316772E0,3.101849670E0
8.155519708E0,9.653575287E0,1.132694550E0,3.613785095E0
8.165458708E0,9.591155090E0,8.270301819E-1,3.956422577E0
8.175397708E0,9.431886292E0,6.171665955E-1,3.560196533E0
8.185336708E0,9.493558044E0,4.842430115E-1,3.288810883E0
8.195275708E0,9.676178284E0,3.016227722E-1,3.314108276E0
8.205214708E0,9.775122528E0,2.872526550E-1,3.463198242E0
8.215154708E0,9.856104126E0,6.580316162E-1,3.163970490E0
8.225092708E0,1.018961060E1,6.378236389E-1,3.315305786E0
8.235031708E0,1.079031143E1,4.861889648E-1,3.475772095E0
8.244971708E0,1.084554657E1,3.528163147E-1,3.724405060E0
8.254910708E0,1.074016571E1,2.320175171E-2,3.654500427E0
8.264849708E0,1.056473053E1,-2.680924988E-1,3.496878204E0
8.274788708E0,1.064137115E1,-2.588117981E-1,3.485052795E0
8.284727708E0,1.066083069E1,-2.933898926E-1,3.579207001E0
8.294666708E0,1.055634796E1,-3.820056152E-1,3.717669067E0
8.304605708E0,1.060320053E1,-3.966751099E-1,3.512894897E0
8.314544708E0,1.056068893E1,-4.385879517E-1,3.281176758E0
8.324483708E0,1.074136322E1,-2.415975952E-1,3.186573486E0
8.334422708E0,1.064795746E1,-3.293151855E-3,3.416046295E0
8.344361708E0,1.032672546E1,-1.664538574E-1,3.851341095E0
8.354300708E0,9.962383118E0,-4.728666687E-1,4.151766357E0
8.364239708E0,9.635462952E0,-6.664141846E-1,4.121529236E0
8.374178708E0,9.256750488E0,-8.015830994E-1,3.801943817E0
8.384117708E0,9.112600250E0,-8.414002991E-1,3.531156921E0
8.394056708E0,9.094338226E0,-6.993457031E-1,3.510200500E0
8.403995708E0,9.042096863E0,-5.926176453E-1,3.479813690E0
8.413934708E0,9.231303406E0,-3.210823059E-1,3.366948395E0
8.423873708E0,9.681267700E0,2.622546387E-1,3.175945587E0
8.433812708E0,1.036010605E1,9.138496399E-1,3.078498230E0
8.443751708E0,1.060050613E1,1.471739502E0,3.309767303E0
8.453690708E0,1.040216858E1,1.617985382E0,3.662882996E0
8.463629708E0,9.883048096E0,1.551373901E0,4.064797211E0
8.473568708E0,9.508227539E0,1.429676971E0,4.113745422E0
8.483507708E0,9.501491547E0,1.234782257E0,3.722010040E0
8.493446708E0,9.312584381E0,1.038240967E0,3.785178680E0
8.503385708E0,9.283245392E0,9.154962158E-1,3.680695953E0
8.513324708E0,9.200018463E0,8.550219727E-1,3.792363739E0
8.523263708E0,9.066645813E0,9.464817810E-1,3.810925140E0
8.533202708E0,8.883426819E0,1.153052216E0,3.881428528E0
8.543141708E0,8.427924042E0,1.276695099E0,4.094884644E0
8.553080708E0,8.306526489E0,1.557810516E0,4.076023865E0
8.563019708E0,8.608448639E0,2.116598511E0,4.297263794E0
8.572958708E0,8.721463623E0,2.462529144E0,4.597988434E0
8.582897708E0,8.666378174E0,2.570005646E0,4.825066223E0
8.592836708E0,8.725056152E0,2.703228607E0,4.860093384E0
8.602775708E0,8.652457123E0,3.057541809E0,5.023403778E0
8.612714708E0,8.333470459E0,3.390748901E0,5.384602661E0
8.622653708E0,8.046367493E0,3.243904266E0,5.620661774E0
8.632592708E0,7.789202271E0,3.207529907E0,5.902375946E0
8.642531708E0,7.296576691E0,3.365451508E0,6.065087585E0
8.652470708E0,7.116501160E0,3.870800629E0,6.092480621E0
8.662409708E0,7.455845490E0,3.849395142E0,6.660399628E0
8.672348708E0,6.989265747E0,4.376299438E0,6.561006317E0
8.682287708E0,5.875431976E0,5.092110901E0,5.698948975E0
8.692227708E0,5.184319153E0,4.833448792E0,6.048921204E0
8.702166708E0,5.077591095E0,5.156027985E0,6.787485352E0
8.712105708E0,5.059478760E0,6.178102570E0,6.806196442E0
8.722044708E0,4.478686523E0,6.656657410E0,6.562353516E0
8.731983708E0,3.882326660E0,6.380930786E0,6.581363983E0
8.741922708E0,2.938688965E0,6.032605133E0,6.204447784E0
8.751861708E0,1.645827484E0,5.381010132E0,5.481151886E0
8.761800708E0,1.176253967E0,5.411097565E0,4.580175476E0
8.771739708E0,1.487905884E0,6.178252258E0,3.878285065E0
8.781678708E0,1.449884949E0,6.975344696E0,3.418441315E0
8.791617708E0,9.172924805E-1,7.447462921E0,3.453468475E0
8.801556708E0,1.634600830E-1,7.598199463E0,3.213966522E0
8.811495708E0,-9.657916260E-1,8.199798431E0,1.764830017E0
8.821434708E0,-2.196532288E0,8.591982880E0,6.941065979E-1
8.831373708E0,-3.201841736E0,8.774303741E0,1.185534668E0
8.841312708E0,-3.048111420E0,8.935219116E0,2.415377197E0
8.851251708E0,-2.469265137E0,9.088350677E0,3.147355042E0
8.861190708E0,-1.835034027E0,8.924740906E0,4.512665863E0
8.871129708E0,-1.193168793E0,9.189839630E0,4.267775116E0
8.881068708E0,-1.330283661E0,8.698561249E0,3.272494812E0
8.891007708E0,-7.147636414E-1,8.686286774E0,4.347708893E0
8.900946708E0,-4.035607910E-1,8.623866577E0,4.757706299E0
8.910885708E0,-3.710783386E-1,8.624764709E0,4.602030029E0
8.920824708E0,5.164260864E-2,8.786727905E0,4.523144073E0
8.930763708E0,1.908531189E-1,8.736731873E0,4.359234924E0
8.940702708E0,-2.513273621E-1,8.630303192E0,4.175566864E0
8.950641708E0,-6.598278809E-1,8.874295807E0,4.073628845E0
8.960580708E0,-9.714797974E-1,9.109157410E0,4.100273438E0
8.970519708E0,-1.294358368E0,9.148974609E0,3.785178680E0
8.980458708E0,-1.874851227E0,9.049281921E0,3.351680145E0
8.990397708E0,-2.149679718E0,9.088350677E0,3.353177032E0
9.000336708E0,-2.083517303E0,9.132059784E0,3.262315979E0
9.010275708E0,-2.096540222E0,9.415121155E0,2.896476746E0
9.020214708E0,-2.053429871E0,9.317973175E0,2.663411407E0
9.030153708E0,-2.082469482E0,9.341474304E0,2.497406616E0
9.040092708E0,-2.230661316E0,9.363179169E0,2.385589142E0
9.050031708E0,-2.113604736E0,9.307045898E0,2.491568756E0
9.059970708E0,-1.723665619E0,9.279054108E0,2.684966583E0
9.069909708E0,-1.587598572E0,9.284143524E0,2.909799042E0
9.079848708E0,-1.495839386E0,9.259893951E0,3.383863220E0
9.089787708E0,-1.087937622E0,9.321865082E0,3.863765259E0
9.099726708E0,-8.324189758E-1,9.300609283E0,4.127816162E0
9.109665708E0,-6.873706055E-1,9.290280762E0,4.239783325E0
9.119604708E0,-5.063969421E-1,9.275910645E0,4.241280212E0
9.129543708E0,-2.517764282E-1,9.251960449E0,4.067940674E0
9.139482708E0,-1.597178650E-1,9.183702393E0,3.874842224E0
9.149421708E0,-1.264869690E-1,9.116492157E0,3.886967010E0
9.159360708E0,-4.864883423E-2,9.238638153E0,3.813020782E0
9.169300708E0,-4.225712585E-1,9.168733521E0,3.130290527E0
9.179239708E0,-9.648934937E-1,9.133556671E0,2.690505066E0
9.189177708E0,-9.461824036E-1,9.026379547E0,2.964435425E0
9.199117708E0,-7.574249268E-1,9.095535736E0,3.229683838E0
9.209056708E0,-6.762936401E-1,9.222621460E0,3.817960510E0
9.218995708E0,-7.261399841E-1,9.307644653E0,4.047433319E0
9.228934708E0,-7.376660156E-1,9.313183136E0,4.191583557E0
9.238873708E0,-9.204359436E-1,9.250014496E0,4.047583008E0
9.248812708E0,-1.005010071E0,9.149124298E0,3.809128876E0
9.258751708E0,-7.753875732E-1,9.098828888E0,3.649261322E0
9.268690708E0,-7.523355103E-1,9.025032349E0,3.535048828E0
9.278629708E0,-7.562274170E-1,8.957522736E0,3.457659760E0
9.288568708E0,-5.933660889E-1,9.029972076E0,3.418591003E0
9.298507708E0,-4.519102478E-1,9.089398499E0,3.463198242E0
9.308446708E0,-3.956272888E-1,9.127569122E0,3.635489960E0
9.318385708E0,-4.255650330E-1,9.107810211E0,3.861220551E0
9.328324708E0,-4.071533203E-2,9.073980560E0,4.063749390E0
9.338263708E0,2.776725769E-1,8.841214600E0,4.093986511E0
9.348202708E0,6.656657410E-1,8.966354370E0,3.954626312E0
9.358141708E0,7.017407227E-1,9.379345551E0,4.029919739E0
9.368080708E0,4.900808716E-1,9.634115753E0,4.233197021E0
9.378019708E0,7.481442261E-1,9.548793182E0,4.406386871E0
9.387958708E0,9.196875000E-1,9.348659363E0,4.790787506E0
9.397897708E0,7.940986633E-1,9.378597107E0,5.317991180E0
9.407836708E0,6.804849243E-1,9.662706299E0,5.706433411E0
9.417775708E0,6.755451965E-1,1.007360184E1,5.958509216E0
9.427714708E0,1.130449219E0,1.014575180E1,6.256240082E0
9.437653708E0,1.548080750E0,9.880802765E0,6.283782806E0
9.447592708E0,1.454974365E0,9.916428680E0,5.859115906E0
9.457531708E0,1.658401337E0,1.043135788E1,5.557044067E0
9.467470708E0,2.148781586E0,9.925410004E0,5.117408295E0
9.477409708E0,2.089205475E0,9.165290680E0,4.110901337E0
9.487348708E0,1.743873596E0,9.122330017E0,4.046385498E0
9.497287708E0,2.462229767E0,1.041863434E1,4.439019012E0
9.507226708E0,3.072360992E0,1.145986908E1,4.047133942E0
9.517165708E0,2.059417419E0,1.042956161E1,2.721490631E0
9.527104708E0,1.040635986E0,9.280401306E0,1.663041687E0
9.537043708E0,7.080276489E-2,8.230783997E0,4.580474854E-1
9.546982708E0,-1.552122345E0,7.169640656E0,-1.174008636E0
9.556921708E0,-3.987258453E0,6.067781982E0,-2.375410309E0
9.566860708E0,-5.276377716E0,5.049599304E0,-2.817441101E0
9.576799708E0,-6.066584473E0,4.051175537E0,-2.851121063E0
9.586738708E0,-7.170838165E0,3.637136536E0,-2.497406616E0
9.596677708E0,-7.525001678E0,3.336262207E0,-1.992356873E0
9.606616708E0,-7.509733429E0,3.163072357E0,-1.328936462E0
9.616555708E0,-7.931855621E0,3.116968231E0,-5.071453857E-1
9.626494708E0,-8.126450958E0,2.813249817E0,2.327659607E-1
9.636433708E0,-8.053103485E0,2.355950775E0,8.845106506E-1
9.646373708E0,-8.068222046E0,1.750908966E0,1.906734924E0
9.656312708E0,-8.657247162E0,1.308429108E0,3.635639648E0
9.666251708E0,-9.198222198E0,1.399439850E0,3.584895172E0
9.676190708E0,-9.325158234E0,1.444047089E0,3.773802338E0
9.686128833E0,-9.130263519E0,1.850901031E0,4.907993774E0
9.696067833E0,-8.890162811E0,2.299218750E0,5.087919617E0
9.706006833E0,-9.425150299E0,1.751657410E0,4.508324890E0
9.715945833E0,-9.899663544E0,-1.871109009E-1,5.027145996E0
9.725884833E0,-9.077872467E0,-5.331912231E-1,6.283633118E0
9.735823833E0,-8.796607361E0,4.831951904E-1,6.401887207E0
9.745762833E0,-8.765621796E0,4.065545654E-1,5.858517151E0
9.755701833E0,-7.903564453E0,3.219804382E-1,5.681884460E0
9.765640833E0,-6.871311035E0,9.481283569E-1,5.737269287E0
9.775579833E0,-7.173233185E0,1.327289886E0,5.454507294E0
9.785518833E0,-7.279661865E0,1.165476379E0,4.919370117E0
9.795457833E0,-7.343279572E0,7.098239136E-1,4.449048157E0
9.805396833E0,-7.354057159E0,4.224215698E-1,3.903582458E0
9.815335833E0,-7.233557739E0,2.163002014E-1,3.525768127E0
9.825274833E0,-7.125033417E0,1.145118713E-1,3.472778320E0
9.835213833E0,-7.539371796E0,3.677851868E-1,4.037703552E0
9.845152833E0,-8.133636017E0,4.453239441E-1,4.717889099E0
9.855091833E0,-8.653055878E0,-3.914360046E-1,4.540358276E0
9.865030833E0,-1.021356079E1,-8.903485107E-1,3.769760742E0
9.874969833E0,-1.031609756E1,-1.837728424E0,2.291584625E0
9.884908833E0,-9.142088928E0,-2.231409760E0,1.516945496E0
9.894847833E0,-9.163045349E0,-1.943708038E0,1.520837402E0
9.904786833E0,-9.221423950E0,-7.908055115E-1,3.230282593E0
9.914725833E0,-9.248966675E0,-3.367996216E-1,4.610262909E0
9.924664833E0,-9.956694946E0,-9.839039612E-1,3.698957977E0
9.934603833E0,-1.041803558E1,-1.899400177E0,2.912044373E0
9.944542833E0,-1.077145065E1,-2.420466614E0,2.131118317E0
9.954481833E0,-1.108340195E1,-2.756068726E0,2.290686493E0
9.964420833E0,-1.170685547E1,-3.179238739E0,2.982996826E0
9.974359833E0,-1.231683701E1,-3.776796112E0,3.827390900E0
9.984298833E0,-1.232057922E1,-3.723357239E0,4.663701782E0
9.994237833E0,-1.183768341E1,-3.160976715E0,5.602549438E0
1.000417683E1,-1.121976837E1,-2.894231415E0,6.171366577E0
1.001411583E1,-1.042432251E1,-2.795736237E0,5.523813171E0
1.002405583E1,-9.027876434E0,-2.147135010E0,4.145180054E0
1.003399483E1,-8.133186951E0,-2.116897888E0,2.574346619E0
1.004393383E1,-8.092920685E0,-2.551593933E0,1.785936127E0
1.005387283E1,-8.174051971E0,-2.141147461E0,1.834435272E0
1.006381183E1,-8.730894012E0,-1.789977722E0,2.419718170E0
1.007375083E1,-9.430389404E0,-2.077230377E0,3.840114441E0
1.008368983E1,-9.928254089E0,-2.237247620E0,4.775519257E0
1.009362883E1,-9.943522339E0,-2.133513336E0,4.963977356E0
1.010356783E1,-9.416318665E0,-1.848056946E0,4.460274811E0
1.011350683E1,-8.694819031E0,-1.112336884E0,3.252436523E0
1.012344583E1,-8.583151245E0,-1.357976074E0,1.554367676E0
1.013338483E1,-8.521329803E0,-1.789828033E0,9.395960999E-1
1.014332383E1,-8.573271790E0,-1.603315887E0,1.003064117E0
1.015326283E1,-8.371491394E0,-1.091530151E0,1.218166809E0
1.016320183E1,-8.422086182E0,-7.991880798E-1,1.792672119E0
1.017314083E1,-8.249195709E0,-6.848258972E-1,2.480641479E0
1.018307983E1,-8.274493103E0,-5.867797852E-1,2.132166138E0
1.019301883E1,-9.180708618E0,-8.589138794E-1,1.196761322E0
1.020295783E1,-9.974058838E0,-1.104253693E0,3.204835510E-1
1.021289683E1,-1.029080017E1,-1.124012604E0,2.445913696E-1
1.022283583E1,-9.760453033E0,-9.119036865E-1,1.006506958E0
1.023277483E1,-9.395062866E0,-9.377998352E-1,1.594184875E0
1.024271383E1,-9.590706024E0,-1.014141083E0,1.632654877E0
1.025265283E1,-9.742041321E0,-1.000220032E0,1.297052765E0
1.026259183E1,-9.829010468E0,-8.643026733E-1,1.083297272E0
1.027253083E1,-1.014215927E1,-1.518442383E0,1.243913269E0
1.028246983E1,-1.034902908E1,-1.550475769E0,1.591191101E0
1.029240883E1,-1.050919601E1,-1.576222229E0,1.716929626E0
1.030234783E1,-1.056847275E1,-1.625170441E0,1.829794922E0
1.031228783E1,-1.045919998E1,-1.516346741E0,1.881138153E0
1.032222683E1,-1.038031403E1,-1.622176666E0,1.913770294E0
1.033216583E1,-1.026520340E1,-1.813927917E0,2.154170380E0
1.034210483E1,-1.025756927E1,-1.983824615E0,2.273921356E0
1.035204383E1,-1.048255142E1,-2.069446564E0,2.023941193E0
1.036198283E1,-1.071816147E1,-2.096989288E0,1.755699005E0
1.037192183E1,-1.091170898E1,-2.117197266E0,1.825603638E0
1.038186083E1,-1.094314362E1,-2.064357147E0,2.006427612E0
1.039179983E1,-1.098730179E1,-2.078128510E0,2.018253021E0
1.040173883E1,-1.097143478E1,-1.970202942E0,1.933529205E0
1.041167783E1,-1.121497833E1,-1.744472351E0,1.817670135E0
1.042161683E1,-1.136152359E1,-1.588347015E0,1.848955078E0
1.043155583E1,-1.122994720E1,-1.460961914E0,2.061213684E0
1.044149483E1,-1.111618378E1,-1.397344208E0,2.289788361E0
1.045143383E1,-1.112441666E1,-1.335223389E0,2.284698944E0
1.046137283E1,-1.112830856E1,-1.288221130E0,2.002685394E0
1.047131183E1,-1.128173950E1,-1.267863464E0,1.588945770E0
1.048125083E1,-1.137364838E1,-1.125808868E0,1.417103119E0
1.049118983E1,-1.130554001E1,-9.774673462E-1,1.438059540E0
1.050112883E1,-1.101304825E1,-7.328759766E-1,1.623823242E0
1.051106783E1,-1.077803696E1,-4.617897034E-1,2.022593994E0
1.052100683E1,-1.070064789E1,-2.071691895E-1,2.492915955E0
1.053094583E1,-1.075154205E1,-1.956431580E-1,2.607128448E0
1.054088483E1,-1.068777466E1,-8.098159790E-2,2.502645721E0
1.055082383E1,-1.066292633E1,3.370989990E-1,2.522853699E0
1.056076383E1,-1.023317001E1,8.060737610E-1,2.629282379E0
1.057070283E1,-1.015637970E1,1.163081360E0,2.556683350E0
1.058064183E1,-1.082473984E1,6.867718506E-1,1.904190216E0
1.059058083E1,-1.007464966E1,1.244661713E0,2.042951660E0
1.060051983E1,-9.207053833E0,2.195933533E0,2.798879700E0
1.061045883E1,-8.737330627E0,2.946772156E0,3.481909332E0
1.062039783E1,-8.157735901E0,4.174219666E0,3.926634521E0
1.063033683E1,-7.698191528E0,4.860542450E0,4.298012238E0
1.064027583E1,-6.966513062E0,4.773872681E0,5.073549500E0
1.065021483E1,-6.115382996E0,4.146227875E0,5.863905945E0
1.066015383E1,-6.667285309E0,2.677781525E0,5.786217499E0
1.067009283E1,-6.477929077E0,2.300715637E0,5.966293030E0
1.068003183E1,-6.447093201E0,2.359094238E0,6.145620117E0
1.068997100E1,-6.216422882E0,2.288740540E0,6.350244598E0
1.069991000E1,-6.528972931E0,9.183403015E-1,6.777755585E0
1.070984900E1,-5.666316833E0,7.108717346E-1,7.259902954E0
1.071978800E1,-4.522844696E0,1.974394226E0,7.204069061E0
1.072972700E1,-3.142265625E0,3.672762451E0,7.562423859E0
1.073966600E1,-1.617536316E0,5.779182129E0,6.961124268E0
1.074960500E1,-1.718576202E0,7.138655090E0,5.203479309E0
1.075954400E1,-1.960622864E0,7.862849121E0,3.925137634E0
1.076948300E1,-2.504891052E0,7.871381378E0,3.109932861E0
1.077942300E1,-2.535726929E0,7.192992096E0,2.540367279E0
1.078936200E1,-2.223326569E0,7.036417694E0,1.884431305E0
1.079930100E1,-2.229613495E0,7.304809570E0,1.914967804E0
1.080924000E1,-1.828148346E0,7.447163544E0,2.035167847E0
1.081917900E1,-1.546733551E0,7.394922180E0,2.456391907E0
1.082911800E1,-1.406924286E0,6.644532623E0,3.192261658E0
1.083905700E1,-1.018482056E0,6.565646667E0,4.312981110E0
1.084899600E1,-4.614903259E-1,7.223528595E0,5.311404877E0
1.085893500E1,-2.028282166E-1,7.637118530E0,5.955216064E0
1.086887400E1,2.603086853E-1,7.693700867E0,6.040538635E0
1.087881300E1,7.770341492E-1,8.049810333E0,5.553002472E0
1.088875200E1,1.306782532E0,8.665629730E0,4.616400146E0
1.089869100E1,1.569336548E0,9.256451111E0,4.207600250E0
1.090863000E1,1.738185425E0,9.225465546E0,4.457580414E0
1.091856900E1,1.385219421E0,8.640032959E0,4.824168091E0
1.092850800E1,8.146060181E-1,7.924071808E0,4.915029144E0
1.093844700E1,2.405497742E-1,7.735613708E0,4.384232941E0
1.094838600E1,1.776805115E-1,8.154143372E0,3.882027283E0
1.095832500E1,7.372169495E-1,8.594976654E0,3.588637390E0
1.096826500E1,1.135239258E0,8.834777985E0,3.270548859E0
1.097820400E1,1.559307404E0,9.024882660E0,3.050356750E0
1.098814300E1,1.988315277E0,9.294172668E0,2.875670013E0
1.099808200E1,2.043550415E0,9.564809875E0,2.798879700E0
1.100802100E1,1.988914032E0,9.606573029E0,2.943928070E0
1.101796000E1,1.899400177E0,9.343569946E0,3.240162048E0
1.102789900E1,1.803898773E0,9.069340210E0,3.460653534E0
1.103783800E1,1.743873596E0,8.977131958E0,3.400478668E0
1.104777700E1,1.556463318E0,8.970246277E0,3.165467377E0
1.105771600E1,1.369801483E0,8.979377289E0,2.940335541E0
1.106765500E1,1.385668488E0,9.051227875E0,2.759062500E0
1.107759400E1,1.572779388E0,9.164691925E0,2.606529694E0
1.108753300E1,1.793570251E0,9.249116364E0,2.511028290E0
1.109747200E1,1.886526947E0,9.303453369E0,2.551743622E0
1.110741100E1,1.776056671E0,9.323811035E0,2.765648804E0
1.111735000E1,1.781894531E0,9.219627686E0,3.198847961E0
1.112728900E1,1.944007416E0,9.079968109E0,3.692221985E0
1.113722800E1,1.975292358E0,9.083261261E0,3.910468140E0
1.114716800E1,1.954785004E0,9.173972626E0,3.943549347E0
1.115710700E1,1.903741150E0,9.199719086E0,3.900588684E0
1.116704600E1,1.819616089E0,9.150022430E0,3.665577393E0
1.117698500E1,1.803300018E0,9.168434143E0,3.342249756E0
1.118692400E1,1.787283325E0,9.224866791E0,3.095862122E0
1.119686300E1,1.758094025E0,9.139544220E0,3.047961731E0
1.120680200E1,1.698068848E0,9.093889160E0,3.125201111E0
1.121674100E1,1.593137054E0,9.117090912E0,3.241658936E0
1.122668000E1,1.430275726E0,9.049431610E0,3.386407928E0
1.123661900E1,1.306183777E0,8.857680359E0,3.510050812E0
1.124655800E1,1.192570038E0,8.718619537E0,3.537892914E0
1.125649700E1,1.071471863E0,8.644972687E0,3.575464783E0
1.126643600E1,9.779164124E-1,8.627608795E0,3.732637939E0
1.127637500E1,9.952803040E-1,8.680598602E0,3.882476349E0
1.128631400E1,1.098266144E0,8.802295532E0,3.917054443E0
1.129625300E1,1.130898285E0,8.968000946E0,3.801045685E0
1.130619200E1,1.184786224E0,9.122479706E0,3.665577393E0
1.131613200E1,1.090033264E0,8.702752533E0,4.098177795E0
1.132607100E1,6.679110718E-1,7.693251801E0,4.416416016E0
1.133601000E1,4.324507141E-1,7.570656738E0,3.758983154E0
1.134594900E1,-3.242257690E-1,7.166796570E0,3.478017426E0
1.135588800E1,-5.734574890E-1,6.946903839E0,3.658991089E0
1.136582700E1,-4.556524658E-1,7.219487000E0,3.703897705E0
1.137576600E1,-4.498146057E-1,7.235054626E0,3.554957428E0
1.138570500E1,-2.589614868E-2,7.614515533E0,3.573967896E0
1.139564400E1,5.882766724E-1,8.161328430E0,3.441792755E0
1.140558300E1,1.279239807E0,8.941955109E0,3.250640259E0
1.141552200E1,2.045795746E0,9.770931244E0,3.312910767E0
1.142546100E1,2.545007629E0,1.040082138E1,3.507356415E0
1.143540000E1,2.853067017E0,1.100840790E1,3.287463684E0
1.144533900E1,3.277434540E0,1.124746078E1,2.895578613E0
1.145527800E1,3.588936768E0,1.123533600E1,2.634671173E0
1.146521800E1,3.747008057E0,1.136077515E1,2.489323425E0
1.147515700E1,3.630999298E0,1.112815887E1,2.562820587E0
1.148509600E1,2.587818604E0,9.828860779E0,2.846780090E0
1.149503500E1,1.656006317E0,8.734935608E0,3.178041229E0
1.150497400E1,1.524280243E0,8.272397461E0,3.429518280E0
1.151491300E1,1.636546783E0,8.523874512E0,3.410657501E0
1.152485200E1,1.758842468E0,8.884474640E0,3.498674469E0
1.153479100E1,2.242935791E0,8.800499268E0,3.568728790E0
1.154473000E1,2.492466888E0,8.801098022E0,3.960913239E0
1.155466900E1,2.770887909E0,9.018895111E0,4.576732635E0
1.156460800E1,3.546275482E0,9.117839355E0,4.547543335E0
1.157454700E1,2.714305573E0,9.196725311E0,4.336182861E0
1.158448600E1,1.373244324E0,9.266180878E0,4.414320374E0
1.159442500E1,4.123924255E-1,9.312734070E0,4.506678314E0
1.160436400E1,3.076103210E-1,9.189091187E0,4.343667297E0
1.161430300E1,8.252339172E-1,9.062903595E0,3.951632538E0
1.162424300E1,1.442999268E0,8.962911530E0,3.535497894E0
1.163418200E1,1.973496094E0,8.955726471E0,3.187621307E0
1.164412100E1,2.397264862E0,8.925040283E0,3.155138855E0
1.165406000E1,2.437980194E0,8.810229034E0,3.448828125E0
1.166399900E1,2.268831940E0,8.634344788E0,3.709885254E0
1.167393800E1,1.986069946E0,8.668174438E0,3.933969269E0
1.168387700E1,1.709894257E0,8.816815338E0,4.144880676E0
1.169381646E1,1.554367676E0,9.028475189E0,4.317771149E0
1.170375546E1,1.476679230E0,9.110803986E0,4.534520416E0
1.171369446E1,1.395098877E0,9.066795502E0,4.640799408E0
1.172363346E1,1.410666504E0,9.084159393E0,4.530179443E0
1.173357246E1,1.513352966E0,9.139544220E0,4.303101654E0
1.174351146E1,1.647174683E0,9.139843597E0,4.048780518E0
1.175345046E1,1.796863403E0,8.990154877E0,3.795058136E0
1.176338946E1,2.144440613E0,8.793314209E0,3.460354156E0
1.177332946E1,2.486179962E0,8.530011749E0,2.897075500E0
1.178326846E1,2.453996887E0,8.628357239E0,2.263293457E0
1.179320746E1,1.402433624E0,9.112450562E0,1.943857727E0
1.180314646E1,-7.722441101E-1,9.622889099E0,2.004331970E0
1.181308546E1,-3.954925690E0,1.015563126E1,2.197280731E0
1.182302446E1,-5.705535278E0,1.053718781E1,2.184108124E0
1.183296346E1,-4.123774567E0,1.079629898E1,1.978735199E0
1.184290246E1,-1.608405304E0,1.037537430E1,1.970053253E0
1.185284146E1,1.139131165E-1,9.600136414E0,2.128872986E0
1.186278046E1,1.039887543E0,9.019344177E0,2.609822845E0
1.187271946E1,1.385818176E0,8.734935608E0,3.313359833E0
1.188265846E1,1.226250000E0,8.680149536E0,3.964206390E0
1.189259746E1,8.559201050E-1,8.825048218E0,4.403991852E0
1.190253646E1,6.650669861E-1,9.075926514E0,4.451592865E0
1.191247646E1,6.267466736E-1,9.207951965E0,4.286635895E0
1.192241546E1,5.990542603E-1,9.314230957E0,4.040397949E0
1.193235446E1,6.391708374E-1,9.406888275E0,3.702849884E0
1.194229346E1,6.111790466E-1,9.393416290E0,3.445834351E0
1.195223246E1,5.321434021E-1,9.312734070E0,3.311264191E0
1.196217146E1,3.833528137E-1,9.252409515E0,3.221151581E0
1.197211046E1,2.778222656E-1,9.259594574E0,3.163222046E0
1.198204946E1,3.013233948E-1,9.307195587E0,3.127895508E0
1.199198846E1,3.183879089E-1,9.275461578E0,3.128494263E0
1.200192746E1,3.821553040E-1,9.273365936E0,3.297941895E0
1.201186646E1,5.216651917E-1,9.382039948E0,3.438200226E0
1.202180546E1,5.031037903E-1,9.381590881E0,3.518583069E0
1.203174446E1,4.689747620E-1,9.314530334E0,3.516637115E0
1.204168346E1,4.917274475E-1,9.262139282E0,3.505111084E0
1.205162346E1,5.349874878E-1,9.301956482E0,3.393742676E0
1.206156246E1,3.829037476E-1,9.372010803E0,3.190465393E0
1.207150146E1,2.773731995E-1,9.440418549E0,2.937790833E0
1.208144046E1,2.713856506E-1,9.414372711E0,2.676434326E0
1.209137946E1,1.347198486E-3,9.357041931E0,1.484313354E0
1.210131846E1,-8.345146179E-1,9.511371002E0,-8.135581970E-1
1.211125746E1,-9.033714294E-1,9.386231232E0,-3.314108276E-1
1.212119646E1,-6.611750793E-1,9.180409241E0,1.422192535E0
1.213113546E1,-5.318440247E-1,9.234895935E0,2.927761688E0
1.214107446E1,-4.031117249E-1,9.358987885E0,3.938310242E0
1.215101346E1,-5.381309509E-1,9.402846680E0,4.035907288E0
1.216095246E1,-3.555107117E-1,9.410031738E0,3.567680969E0
1.217089246E1,-7.529342651E-2,9.140292664E0,2.554887085E0