"Time (s)","X (µT)","Y (µT)","Z (µT)"
1.304020832E-2,1.906268120E1,-2.624960327E1,7.941955566E0
2.297920833E-2,1.906126213E1,-2.625035858E1,7.763351440E0
3.291720833E-2,1.906126213E1,-2.625035858E1,7.763351440E0
4.285620828E-2,1.909730911E1,-2.619775772E1,7.711725235E0
5.279520829E-2,1.907622719E1,-2.644413948E1,7.825058937E0
6.273420830E-2,1.920263672E1,-2.640328026E1,7.413044930E0
7.267320831E-2,1.919003868E1,-2.646107674E1,7.349052429E0
8.261220832E-2,1.941071129E1,-2.642388535E1,7.211123466E0
9.255120833E-2,1.933077812E1,-2.638763618E1,7.266530991E0
1.024902083E-1,1.914838219E1,-2.641593933E1,7.290902138E0
1.124292083E-1,1.900247383E1,-2.636242867E1,7.140823364E0
1.223672083E-1,1.916525078E1,-2.646659851E1,7.084343910E0
1.323062083E-1,1.913069153E1,-2.635075760E1,6.990558624E0
1.422452083E-1,1.915736961E1,-2.641078186E1,7.047472000E0
1.521842083E-1,1.925255203E1,-2.636604881E1,6.886230469E0
1.621232083E-1,1.924989510E1,-2.641572380E1,7.104321480E0
1.720622083E-1,1.926930046E1,-2.648505211E1,7.108777046E0
1.820012083E-1,1.920872688E1,-2.656316376E1,7.004945755E0
1.919402083E-1,1.927409935E1,-2.658951950E1,7.109399796E0
2.018792083E-1,1.912912941E1,-2.634837723E1,6.972146034E0
2.118172083E-1,1.908249855E1,-2.648741150E1,6.982707024E0
2.217562083E-1,1.911338234E1,-2.646670341E1,7.102993965E0
2.316952083E-1,1.905579185E1,-2.656643295E1,7.226848602E0
2.416342083E-1,1.915947723E1,-2.648677063E1,6.971515656E0
2.515732083E-1,1.917083359E1,-2.627507782E1,7.191404343E0
2.615122083E-1,1.916510391E1,-2.645602608E1,6.892012596E0
2.714512083E-1,1.929498863E1,-2.653191376E1,7.173121452E0
2.813902083E-1,1.915685272E1,-2.642990875E1,7.099637985E0
2.913292083E-1,1.924012375E1,-2.648597908E1,6.895827293E0
3.012672083E-1,1.924012375E1,-2.648597908E1,6.895827293E0
3.112062083E-1,1.921941757E1,-2.645470428E1,6.857273102E0
3.211452083E-1,1.919760895E1,-2.632927322E1,6.953571320E0
3.310842083E-1,1.911741257E1,-2.637444115E1,7.095848083E0
3.410232083E-1,1.928025818E1,-2.633073997E1,6.981093407E0
3.509622083E-1,1.926081467E1,-2.649415970E1,6.923108101E0
3.609012083E-1,1.920958710E1,-2.638520432E1,6.932552338E0
3.708402083E-1,1.923947906E1,-2.634886742E1,6.855051994E0
3.807792083E-1,1.911659050E1,-2.625867462E1,6.744115829E0
3.907172083E-1,1.915721893E1,-2.634956741E1,6.681519508E0
4.006562083E-1,1.909461975E1,-2.644848633E1,6.773103714E0
4.105952083E-1,1.910996628E1,-2.651342583E1,6.760297775E0
4.205342083E-1,1.899628830E1,-2.638574219E1,6.690654755E0
4.304732083E-1,1.909038544E1,-2.640784836E1,6.695023537E0
4.404122083E-1,1.910106468E1,-2.649750328E1,6.629549026E0
4.503512083E-1,1.910161591E1,-2.643534470E1,6.803494453E0
4.602902083E-1,1.904303360E1,-2.650157547E1,6.907776833E0
4.702292083E-1,1.907873535E1,-2.633163261E1,6.806137085E0
4.801682083E-1,1.912056351E1,-2.626978302E1,6.423727989E0
4.901062083E-1,1.916263008E1,-2.645216179E1,6.583533287E0
5.000452083E-1,1.920492744E1,-2.647668076E1,6.633829117E0
5.099842083E-1,1.908380127E1,-2.661352539E1,6.844227791E0
5.199232083E-1,1.913752747E1,-2.659967422E1,6.752125740E0
5.298622083E-1,1.905111504E1,-2.651006126E1,6.663811684E0
5.398012083E-1,1.921773720E1,-2.652140999E1,6.558542252E0
5.497402083E-1,1.924229050E1,-2.660734940E1,6.541156769E0
5.596792083E-1,1.913923454E1,-2.649651718E1,6.622881889E0
5.696182083E-1,1.922772980E1,-2.657897949E1,6.693397522E0
5.795562083E-1,1.922772980E1,-2.657897949E1,6.693397522E0
5.894952083E-1,1.912720871E1,-2.658377075E1,6.593314171E0
5.994342083E-1,1.918062210E1,-2.656054115E1,6.611484528E0
6.093732083E-1,1.919805145E1,-2.644354820E1,6.797970772E0
6.193122083E-1,1.926833344E1,-2.640325356E1,6.666795731E0
6.292512083E-1,1.919247055E1,-2.653070068E1,6.646469116E0
6.391902083E-1,1.909729576E1,-2.648912239E1,6.752922058E0
6.491292083E-1,1.908086205E1,-2.656162453E1,6.644226074E0
6.590682083E-1,1.916158104E1,-2.658362389E1,6.702386856E0
6.690062083E-1,1.919550323E1,-2.655689812E1,6.829649925E0
6.789449583E-1,1.921304893E1,-2.665173721E1,6.659590721E0
6.888839583E-1,1.920260811E1,-2.647354126E1,6.547058105E0
6.988229583E-1,1.924569130E1,-2.666300964E1,6.504474640E0
7.087619583E-1,1.926236343E1,-2.671386719E1,6.489811897E0
7.187009583E-1,1.917704010E1,-2.676745415E1,6.445478439E0
7.286399583E-1,1.923365402E1,-2.683655357E1,6.488892555E0
7.385789583E-1,1.917713165E1,-2.666650009E1,6.555763245E0
7.485179583E-1,1.912480354E1,-2.676626396E1,6.402464867E0
7.584569583E-1,1.920216179E1,-2.692974281E1,6.302703857E0
7.683949583E-1,1.929702187E1,-2.664238358E1,6.396766663E0
7.783339583E-1,1.925208282E1,-2.660925102E1,6.467344284E0
7.882729583E-1,1.928526115E1,-2.669616508E1,6.491743088E0
7.982119583E-1,1.924839783E1,-2.662220001E1,6.471582413E0
8.081509583E-1,1.922845268E1,-2.660296059E1,6.400043488E0
8.180899583E-1,1.922027588E1,-2.676473999E1,6.310223579E0
8.280289583E-1,1.923181343E1,-2.672634888E1,6.265230179E0
8.379679583E-1,1.916684914E1,-2.659912300E1,6.378274918E0
8.479069583E-1,1.916684914E1,-2.659912300E1,6.378274918E0
8.578459583E-1,1.923797989E1,-2.661429596E1,6.417641640E0
8.677839583E-1,1.920053482E1,-2.673995590E1,6.389308929E0
8.777229583E-1,1.922764587E1,-2.673192406E1,6.345942497E0
8.876619583E-1,1.908320427E1,-2.700829124E1,6.253159523E0
8.976009583E-1,1.912950897E1,-2.691729164E1,6.303973198E0
9.075399583E-1,1.922346687E1,-2.680190277E1,5.964440346E0
9.174789583E-1,1.931633759E1,-2.698009109E1,6.078484535E0
9.274179583E-1,1.927009010E1,-2.724711609E1,6.148624420E0
9.373569583E-1,1.927891350E1,-2.712318611E1,6.070528984E0
9.472959583E-1,1.926384926E1,-2.708210754E1,6.013130188E0
9.572349583E-1,1.927667809E1,-2.716550636E1,5.808832169E0
9.671729583E-1,1.916340828E1,-2.725733566E1,5.676807404E0
9.771119583E-1,1.914692307E1,-2.724967575E1,5.516339302E0
9.870509583E-1,1.921627426E1,-2.728377914E1,5.585908890E0
9.969899583E-1,1.923484421E1,-2.728671837E1,5.328432083E0
1.006928958E0,1.935039139E1,-2.735545158E1,5.227119446E0
1.016867958E0,1.938311386E1,-2.750610352E1,4.842084885E0
1.026806958E0,1.941229439E1,-2.769192696E1,4.358627319E0
1.036745958E0,1.965520477E1,-2.787392807E1,3.772548676E0
1.046684958E0,1.965586472E1,-2.796922684E1,3.450376511E0
1.056623958E0,1.974610901E1,-2.795843887E1,2.769220352E0
1.066561958E0,1.980957413E1,-2.799269104E1,2.393791199E0
1.076500958E0,2.003189659E1,-2.807585907E1,1.961141586E0
1.086439958E0,2.015876770E1,-2.812608910E1,1.073089600E0
1.096378958E0,2.027303505E1,-2.823435020E1,4.302253723E-1
1.106317958E0,2.030294800E1,-2.829161072E1,-3.777141571E-1
1.116256958E0,2.032665634E1,-2.826708221E1,-1.321010590E0
1.126195958E0,2.032665634E1,-2.826708221E1,-1.321010590E0
1.136134958E0,2.033449554E1,-2.847540855E1,-2.237400055E0
1.146073958E0,2.047901726E1,-2.858399582E1,-3.306247711E0
1.156012958E0,2.063551903E1,-2.836235046E1,-4.218166351E0
1.165950958E0,2.069444847E1,-2.826926994E1,-5.433687210E0
1.175889958E0,2.077744865E1,-2.810783386E1,-6.468435287E0
1.185828958E0,2.075366211E1,-2.786311913E1,-7.488367081E0
1.195767958E0,2.083044434E1,-2.764555931E1,-8.477535248E0
1.205706958E0,2.099130058E1,-2.745061684E1,-9.421945572E0
1.215645958E0,2.090506363E1,-2.741426086E1,-1.008304405E1
1.225584958E0,2.102043152E1,-2.726282310E1,-1.063294411E1
1.235523958E0,2.112443733E1,-2.707352448E1,-1.114927292E1
1.245462958E0,2.125026321E1,-2.700598145E1,-1.210684967E1
1.255401958E0,2.154993629E1,-2.678128624E1,-1.238499451E1
1.265339958E0,2.175426483E1,-2.658352852E1,-1.299139023E1
1.275278958E0,2.183761215E1,-2.639328384E1,-1.363748932E1
1.285217958E0,2.213816261E1,-2.590047836E1,-1.472502136E1
1.295156958E0,2.234299278E1,-2.552977371E1,-1.548249435E1
1.305095958E0,2.255325127E1,-2.520798874E1,-1.644062805E1
1.315034958E0,2.271303940E1,-2.473954391E1,-1.752347183E1
1.324973958E0,2.286287308E1,-2.415992928E1,-1.862364960E1
1.334912958E0,2.301568222E1,-2.328549194E1,-1.977499771E1
1.344851958E0,2.327214432E1,-2.270344162E1,-2.081184006E1
1.354790958E0,2.354540062E1,-2.189978790E1,-2.196210480E1
1.364729958E0,2.368238068E1,-2.108480453E1,-2.302463913E1
1.374667958E0,2.403248215E1,-2.029174995E1,-2.388037872E1
1.384606958E0,2.446326065E1,-1.942639542E1,-2.483383179E1
1.394545958E0,2.446326065E1,-1.942639542E1,-2.483383179E1
1.404484958E0,2.471097374E1,-1.860413361E1,-2.545565033E1
1.414423958E0,2.513895226E1,-1.793484688E1,-2.605104828E1
1.424362958E0,2.553090668E1,-1.712347031E1,-2.649263763E1
1.434301958E0,2.589075661E1,-1.630680466E1,-2.703353119E1
1.444240958E0,2.637039757E1,-1.560375214E1,-2.731480789E1
1.454179958E0,2.689461136E1,-1.484833908E1,-2.763001633E1
1.464118958E0,2.713445282E1,-1.422534370E1,-2.773949432E1
1.474056958E0,2.743701553E1,-1.386543083E1,-2.787120056E1
1.483995958E0,2.771607780E1,-1.352326012E1,-2.804228592E1
1.493934958E0,2.806256294E1,-1.334415817E1,-2.826409531E1
1.503873958E0,2.807473183E1,-1.325645065E1,-2.834958267E1
1.513812958E0,2.797106552E1,-1.319820595E1,-2.853944016E1
1.523751958E0,2.809175491E1,-1.312202644E1,-2.870016861E1
1.533690958E0,2.789158440E1,-1.325076866E1,-2.855017853E1
1.543629958E0,2.796498299E1,-1.316495323E1,-2.873750305E1
1.553568958E0,2.817802811E1,-1.305954361E1,-2.884396744E1
1.563507958E0,2.823040962E1,-1.310746193E1,-2.894228363E1
1.573446958E0,2.822321320E1,-1.288773727E1,-2.903718185E1
1.583384958E0,2.817926979E1,-1.290593719E1,-2.919864273E1
1.593323958E0,2.807978439E1,-1.293824387E1,-2.925951767E1
1.603262958E0,2.809675980E1,-1.287091637E1,-2.930995178E1
1.613201958E0,2.792188072E1,-1.302165031E1,-2.955654526E1
1.623140958E0,2.783548546E1,-1.302877998E1,-2.938312531E1
1.633079958E0,2.781124687E1,-1.309623909E1,-2.919622803E1
1.643018958E0,2.760258675E1,-1.329694939E1,-2.904829407E1
1.652957958E0,2.754264450E1,-1.364039040E1,-2.908833313E1
1.662896958E0,2.754264450E1,-1.364039040E1,-2.908833313E1
1.672835958E0,2.755321312E1,-1.389135361E1,-2.906480789E1
1.682774083E0,2.731746674E1,-1.409342194E1,-2.891846466E1
1.692713083E0,2.700950813E1,-1.430005646E1,-2.875730515E1
1.702652083E0,2.706708717E1,-1.446740341E1,-2.882504272E1
1.712591083E0,2.695832253E1,-1.471256828E1,-2.884088135E1
1.722530083E0,2.702644157E1,-1.480806351E1,-2.861040115E1
1.732469083E0,2.685723305E1,-1.512518120E1,-2.849643707E1
1.742408083E0,2.684635162E1,-1.511357880E1,-2.857424164E1
1.752347083E0,2.659112930E1,-1.522351837E1,-2.886633682E1
1.762286083E0,2.647230530E1,-1.526010323E1,-2.855647278E1
1.772225083E0,2.643203545E1,-1.528365898E1,-2.857669067E1
1.782164083E0,2.629786682E1,-1.541079903E1,-2.858687592E1
1.792103083E0,2.657012177E1,-1.544225693E1,-2.874728012E1
1.802041083E0,2.645227623E1,-1.536994171E1,-2.888087463E1
1.811980083E0,2.645521736E1,-1.537661743E1,-2.868302155E1
1.821919083E0,2.649956703E1,-1.540326309E1,-2.865671921E1
1.831858083E0,2.636292267E1,-1.543725204E1,-2.867507172E1
1.841797083E0,2.632597542E1,-1.543819427E1,-2.832222748E1
1.851736083E0,2.648615456E1,-1.546522713E1,-2.844264603E1
1.861675083E0,2.637075424E1,-1.556687546E1,-2.850881577E1
1.871614083E0,2.645794106E1,-1.540700340E1,-2.838796616E1
1.881553083E0,2.638499260E1,-1.545712471E1,-2.817229080E1
1.891492083E0,2.654876518E1,-1.540577507E1,-2.856969452E1
1.901431083E0,2.646666527E1,-1.520170212E1,-2.842331696E1
1.911369083E0,2.636141968E1,-1.508185768E1,-2.864776611E1
1.921308083E0,2.641300774E1,-1.523864746E1,-2.855754471E1
1.931247083E0,2.641300774E1,-1.523864746E1,-2.855754471E1
1.941186083E0,2.634338570E1,-1.525627708E1,-2.852511978E1
1.951125083E0,2.645868874E1,-1.540433693E1,-2.852762604E1
1.961064083E0,2.643786430E1,-1.543050575E1,-2.847576904E1
1.971003083E0,2.633702278E1,-1.552307701E1,-2.842115784E1
1.980942083E0,2.624765015E1,-1.556204224E1,-2.845282364E1
1.990881083E0,2.611482239E1,-1.577562523E1,-2.847476196E1
2.000820083E0,2.609518242E1,-1.574393272E1,-2.853793335E1
2.010759083E0,2.590784264E1,-1.598533630E1,-2.851539230E1
2.020697083E0,2.598403168E1,-1.596136475E1,-2.839770889E1
2.030636083E0,2.577709007E1,-1.600868607E1,-2.814718246E1
2.040575083E0,2.595576859E1,-1.607221413E1,-2.811979675E1
2.050514083E0,2.586043549E1,-1.619482613E1,-2.820397186E1
2.060453083E0,2.573233032E1,-1.636689377E1,-2.815129852E1
2.070392083E0,2.576160622E1,-1.625287819E1,-2.819393158E1
2.080331083E0,2.576282120E1,-1.627124214E1,-2.810177231E1
2.090270083E0,2.584458923E1,-1.625718117E1,-2.823917389E1
2.100209083E0,2.599955177E1,-1.622618294E1,-2.827120590E1
2.110148083E0,2.590458488E1,-1.641702652E1,-2.830245972E1
2.120087083E0,2.579616737E1,-1.630817986E1,-2.837451553E1
2.130026083E0,2.573529243E1,-1.618326950E1,-2.860839844E1
2.139964083E0,2.581162453E1,-1.618048859E1,-2.830738831E1
2.149903083E0,2.580787277E1,-1.605554962E1,-2.839387512E1
2.159842083E0,2.572758675E1,-1.602309036E1,-2.846564865E1
2.169781083E0,2.583780289E1,-1.602578354E1,-2.864290619E1
2.179720083E0,2.580228996E1,-1.608954620E1,-2.825933456E1
2.189659083E0,2.581756210E1,-1.611625290E1,-2.844765854E1
2.199598083E0,2.563526726E1,-1.595737267E1,-2.853213882E1
2.209537083E0,2.563526726E1,-1.595737267E1,-2.853213882E1
2.219476083E0,2.551855278E1,-1.602032089E1,-2.853406906E1
2.229415083E0,2.552947998E1,-1.613824844E1,-2.846013641E1
2.239354083E0,2.549664307E1,-1.615929222E1,-2.850696182E1
2.249293083E0,2.543484688E1,-1.605255127E1,-2.851871490E1
2.259231083E0,2.527726173E1,-1.610781860E1,-2.826110458E1
2.269170083E0,2.524520493E1,-1.626166916E1,-2.854291534E1
2.279109083E0,2.526912308E1,-1.639482498E1,-2.835358429E1
2.289048083E0,2.531420135E1,-1.648917961E1,-2.836706161E1
2.298987083E0,2.512778282E1,-1.652358818E1,-2.799751282E1
2.308926083E0,2.510645866E1,-1.666270256E1,-2.819222260E1
2.318865083E0,2.496856880E1,-1.682388878E1,-2.809864426E1
2.328804083E0,2.502444458E1,-1.703089523E1,-2.797326660E1
2.338743083E0,2.495516014E1,-1.726369286E1,-2.786820984E1
2.348682083E0,2.493540764E1,-1.764468002E1,-2.743999863E1
2.358621083E0,2.487960434E1,-1.822436523E1,-2.693092346E1
2.368560083E0,2.483337593E1,-1.893395996E1,-2.625331497E1
2.378498083E0,2.477903366E1,-1.945886612E1,-2.571207428E1
2.388437083E0,2.471509933E1,-2.015856743E1,-2.500872803E1
2.398376083E0,2.456619644E1,-2.103133392E1,-2.396461487E1
2.408315083E0,2.434218597E1,-2.194390488E1,-2.297084427E1
2.418254083E0,2.412274551E1,-2.292290878E1,-2.162424469E1
2.428193083E0,2.401917076E1,-2.383959198E1,-2.061554718E1
2.438132083E0,2.385819817E1,-2.460179520E1,-1.908434296E1
2.448071083E0,2.350157356E1,-2.535754013E1,-1.765740967E1
2.458010083E0,2.326448631E1,-2.613369179E1,-1.618103409E1
2.467949083E0,2.298182297E1,-2.678591537E1,-1.484481430E1
2.477888083E0,2.278856850E1,-2.739078522E1,-1.327351379E1
2.487827083E0,2.278856850E1,-2.739078522E1,-1.327351379E1
2.497765083E0,2.256268692E1,-2.798871422E1,-1.205464554E1
2.507704083E0,2.243440819E1,-2.846076202E1,-1.045771027E1
2.517643083E0,2.202449608E1,-2.889163208E1,-9.335933685E0
2.527582083E0,2.178322601E1,-2.922986412E1,-8.444623947E0
2.537521083E0,2.143374443E1,-2.944742584E1,-7.392248154E0
2.547460083E0,2.117889977E1,-2.972512436E1,-6.427793503E0
2.557399083E0,2.103586197E1,-2.982043457E1,-5.554492950E0
2.567338083E0,2.068446159E1,-3.002441025E1,-4.758922577E0
2.577277083E0,2.067277145E1,-3.005647278E1,-4.253099442E0
2.587216083E0,2.057023811E1,-3.018820763E1,-3.596851349E0
2.597155083E0,2.046076965E1,-3.006944847E1,-2.905799866E0
2.607094083E0,2.023408699E1,-2.997142982E1,-2.097967148E0
2.617033083E0,2.018215752E1,-2.988031769E1,-1.132802963E0
2.626971083E0,2.011498070E1,-2.978821373E1,-5.818138123E-1
2.636910083E0,1.996426964E1,-2.954684639E1,2.016906738E-1
2.646849083E0,1.985742950E1,-2.946379662E1,1.086181641E0
2.656788083E0,1.979288673E1,-2.930365372E1,1.884403229E0
2.666727083E0,1.962226105E1,-2.914902687E1,2.672142029E0
2.676666083E0,1.958308792E1,-2.896802139E1,3.726795197E0
2.686604875E0,1.948565865E1,-2.890477180E1,4.474973679E0
2.696543875E0,1.924114799E1,-2.856779480E1,5.144725800E0
2.706482875E0,1.904362297E1,-2.825355530E1,5.856625557E0
2.716421875E0,1.888217545E1,-2.804685020E1,6.591033936E0
2.726360875E0,1.861737061E1,-2.797280312E1,7.075496674E0
2.736299875E0,1.846729660E1,-2.761290741E1,7.758436203E0
2.746238875E0,1.827839661E1,-2.745782852E1,8.404860497E0
2.756176875E0,1.827839661E1,-2.745782852E1,8.404860497E0
2.766115875E0,1.810831261E1,-2.709961700E1,8.860025406E0
2.776054875E0,1.804501534E1,-2.697089005E1,9.265438080E0
2.785993875E0,1.778969765E1,-2.673897743E1,9.845909119E0
2.795932875E0,1.778042221E1,-2.654574585E1,1.037272072E1
2.805871875E0,1.767643738E1,-2.628676414E1,1.055430126E1
2.815810875E0,1.745126152E1,-2.598367691E1,1.105007648E1
2.825749875E0,1.753520584E1,-2.584987640E1,1.098744297E1
2.835688875E0,1.741383743E1,-2.581333542E1,1.117459679E1
2.845627875E0,1.745113373E1,-2.573533249E1,1.107928562E1
2.855566875E0,1.736908150E1,-2.577443695E1,1.114785957E1
2.865505875E0,1.724822807E1,-2.559788704E1,1.126472473E1
2.875444875E0,1.721725845E1,-2.548273277E1,1.136973667E1
2.885382875E0,1.732704735E1,-2.530807304E1,1.132037354E1
2.895321875E0,1.732494545E1,-2.537857056E1,1.150074959E1
2.905260875E0,1.733126831E1,-2.525435638E1,1.147845745E1
2.915199875E0,1.720433617E1,-2.521970367E1,1.148826885E1
2.925138875E0,1.722316170E1,-2.536453247E1,1.156127262E1
2.935077875E0,1.732067108E1,-2.552242088E1,1.159282494E1
2.945016875E0,1.749438095E1,-2.570373154E1,1.139595127E1
2.954955875E0,1.759467888E1,-2.561561966E1,1.121610928E1
2.964894875E0,1.750980759E1,-2.562088966E1,1.120482254E1
2.974833875E0,1.750524521E1,-2.559529495E1,1.106785679E1
2.984772875E0,1.754689026E1,-2.559471512E1,1.103264141E1
2.994711875E0,1.752983856E1,-2.573202515E1,1.099203205E1
3.004650875E0,1.749211693E1,-2.573832321E1,1.077523136E1
3.014589875E0,1.762226295E1,-2.575754929E1,1.076059818E1
3.024527875E0,1.749982071E1,-2.579286575E1,1.070324993E1
3.034466875E0,1.749982071E1,-2.579286575E1,1.070324993E1
3.044405875E0,1.759265709E1,-2.579858398E1,1.113700581E1
3.054344875E0,1.743931389E1,-2.571744537E1,1.089005566E1
3.064283875E0,1.739079285E1,-2.568262863E1,1.109161186E1
3.074222875E0,1.745244408E1,-2.542585373E1,1.104753399E1
3.084161875E0,1.734767723E1,-2.535284996E1,1.139794636E1
3.094100875E0,1.748038864E1,-2.529160690E1,1.174306870E1
3.104039875E0,1.744532776E1,-2.499166107E1,1.179196453E1
3.113978875E0,1.740024376E1,-2.470158386E1,1.238845634E1
3.123917875E0,1.743480873E1,-2.454683876E1,1.289775467E1
3.133856875E0,1.742630768E1,-2.430579567E1,1.353686142E1
3.143795875E0,1.731877899E1,-2.376774979E1,1.405293941E1
3.153734875E0,1.707547569E1,-2.345888901E1,1.466035461E1
3.163672875E0,1.696228218E1,-2.310571671E1,1.516925812E1
3.173611875E0,1.700843239E1,-2.244780731E1,1.603664780E1
3.183550875E0,1.687316322E1,-2.207336044E1,1.638154221E1
3.193489875E0,1.685944366E1,-2.141938591E1,1.664704323E1
3.203428875E0,1.686873817E1,-2.076569366E1,1.695721436E1
3.213367875E0,1.683510780E1,-2.022620773E1,1.749643135E1
3.223306875E0,1.687349129E1,-1.948349762E1,1.780543900E1
3.233245875E0,1.708696175E1,-1.881484413E1,1.815304565E1
3.243184875E0,1.718211365E1,-1.818545532E1,1.851116562E1
3.253123875E0,1.745876694E1,-1.761999512E1,1.873867989E1
3.263062875E0,1.776170921E1,-1.692774773E1,1.879866219E1
3.273001875E0,1.785041809E1,-1.619869232E1,1.884204102E1
3.282940875E0,1.796789551E1,-1.548009872E1,1.902652168E1
3.292879875E0,1.814699364E1,-1.474829292E1,1.908553123E1
3.302818875E0,1.814699364E1,-1.474829292E1,1.908553123E1
3.312756875E0,1.838819885E1,-1.416393661E1,1.926977921E1
3.322695875E0,1.855205727E1,-1.350060654E1,1.916712189E1
3.332634875E0,1.847005844E1,-1.289122391E1,1.900885582E1
3.342573875E0,1.868924141E1,-1.235487556E1,1.922510910E1
3.352512875E0,1.869459915E1,-1.181547165E1,1.911830902E1
3.362451875E0,1.862294197E1,-1.123486328E1,1.910675430E1
3.372390875E0,1.852750015E1,-1.066788673E1,1.915744591E1
3.382329875E0,1.848067665E1,-1.012616348E1,1.915334892E1
3.392268875E0,1.857328033E1,-9.681529999E0,1.943120575E1
3.402207875E0,1.846406937E1,-9.164365768E0,1.939602852E1
3.412146875E0,1.830149269E1,-8.568157196E0,1.924314880E1
3.422085875E0,1.844749641E1,-8.183109283E0,1.938175964E1
3.432024875E0,1.839875412E1,-7.626337051E0,1.955218124E1
3.441963875E0,1.842237854E1,-7.340364456E0,1.968589401E1
3.451901875E0,1.856670761E1,-6.752885818E0,1.964194870E1
3.461840875E0,1.848268890E1,-6.429815292E0,1.951174545E1
3.471779875E0,1.854643059E1,-5.955730438E0,1.963097191E1
3.481718875E0,1.871738625E1,-5.411691666E0,1.922770882E1
3.491657875E0,1.863090134E1,-4.791318893E0,1.907132530E1
3.501596875E0,1.867884636E1,-4.191137314E0,1.897824097E1
3.511535875E0,1.869997978E1,-3.605741501E0,1.871545029E1
3.521474875E0,1.861778259E1,-3.203422546E0,1.874114990E1
3.531413875E0,1.859723663E1,-2.825723648E0,1.871638107E1
3.541352875E0,1.860860443E1,-2.340938568E0,1.886159897E1
3.551291875E0,1.845783615E1,-1.739700317E0,1.879549408E1
3.561230875E0,1.830904198E1,-1.338296890E0,1.880247498E1
3.571169875E0,1.830904198E1,-1.338296890E0,1.880247498E1
3.581108875E0,1.846819115E1,-8.973808289E-1,1.862386703E1
3.591047875E0,1.838651276E1,-3.994407654E-1,1.847584915E1
3.600986875E0,1.840384102E1,1.323699951E-2,1.836890221E1
3.610924875E0,1.836600304E1,3.441276550E-1,1.824601746E1
3.620863875E0,1.811255074E1,7.862167358E-1,1.806796646E1
3.630802875E0,1.820243073E1,1.182037354E0,1.805220032E1
3.640741875E0,1.815366173E1,1.472347260E0,1.788097191E1
3.650680875E0,1.807690620E1,1.726821899E0,1.785829544E1
3.660619875E0,1.805171013E1,1.969341278E0,1.754503632E1
3.670558875E0,1.799347305E1,2.403430939E0,1.746626091E1
3.680497875E0,1.781779861E1,2.751342773E0,1.748318291E1
3.690437083E0,1.790818977E1,3.031589508E0,1.755733681E1
3.700376083E0,1.785010338E1,3.295719147E0,1.744134712E1
3.710315083E0,1.779702377E1,3.587085724E0,1.713466072E1
3.720254083E0,1.784513283E1,3.845474243E0,1.696969604E1
3.730193083E0,1.768993187E1,4.298160553E0,1.655978966E1
3.740132083E0,1.768384552E1,4.588130951E0,1.647089767E1
3.750071083E0,1.761152077E1,4.898662567E0,1.625589943E1
3.760010083E0,1.738944817E1,5.141307831E0,1.607989502E1
3.769948083E0,1.747236633E1,5.559928894E0,1.632360458E1
3.779887083E0,1.744614410E1,5.943161011E0,1.579086304E1
3.789826083E0,1.737205124E1,6.064865112E0,1.576167393E1
3.799765083E0,1.731057358E1,6.531227112E0,1.549521446E1
3.809704083E0,1.724367142E1,6.748374939E0,1.532856655E1
3.819643083E0,1.741033363E1,6.866336823E0,1.554471493E1
3.829582083E0,1.731116486E1,6.895359039E0,1.527803230E1
3.839521083E0,1.733007622E1,7.033760071E0,1.541962242E1
3.849460083E0,1.733007622E1,7.033760071E0,1.541962242E1
3.859399083E0,1.728132629E1,7.035522461E0,1.540378952E1
3.869338083E0,1.725428581E1,6.902870178E0,1.545220470E1
3.879277083E0,1.724068451E1,6.910724640E0,1.556857300E1
3.889216083E0,1.721037483E1,6.827751160E0,1.558424759E1
3.899155083E0,1.716471100E1,6.858287811E0,1.557454109E1
3.909094083E0,1.717092705E1,6.984382629E0,1.543689919E1
3.919033083E0,1.711810493E1,6.970043182E0,1.550281429E1
3.928972083E0,1.715624237E1,6.951793671E0,1.561079025E1
3.938910083E0,1.713575745E1,6.973102570E0,1.585675240E1
3.948849083E0,1.701033211E1,6.883785248E0,1.572881508E1
3.958788083E0,1.703326416E1,6.895599365E0,1.578809357E1
3.968727083E0,1.699988174E1,6.671623230E0,1.603078270E1
3.978666083E0,1.698049164E1,6.517395020E0,1.597950649E1
3.988605083E0,1.702614594E1,6.469932556E0,1.621240044E1
3.998544083E0,1.711093521E1,6.369270325E0,1.604922867E1
4.008483083E0,1.711132431E1,6.233020782E0,1.622195053E1
4.018422083E0,1.705730247E1,6.079376221E0,1.658306503E1
4.028361083E0,1.698571014E1,6.064727783E0,1.655191422E1
4.038300083E0,1.699358559E1,5.752136230E0,1.659612083E1
4.048239083E0,1.684814453E1,5.510021210E0,1.665555382E1
4.058178083E0,1.701526642E1,5.332771301E0,1.690653038E1
4.068117083E0,1.699359131E1,5.053524017E0,1.714981079E1
4.078056083E0,1.697664833E1,4.817741394E0,1.738565063E1
4.087995083E0,1.691196251E1,4.427532196E0,1.749894714E1
4.097934083E0,1.692662811E1,4.211364746E0,1.735837173E1
4.107872083E0,1.677762985E1,3.931205750E0,1.764957428E1
4.117811083E0,1.692947197E1,3.527809143E0,1.792688942E1
4.127750083E0,1.692947197E1,3.527809143E0,1.792688942E1
4.137689083E0,1.677006531E1,2.963043213E0,1.776977921E1
4.147628083E0,1.681153297E1,2.542896271E0,1.816267586E1
4.157567083E0,1.676531792E1,2.136131287E0,1.810514641E1
4.167506083E0,1.679150581E1,1.807991028E0,1.844006157E1
4.177445083E0,1.685601616E1,1.049770355E0,1.850667191E1
4.187384083E0,1.678785706E1,2.720832825E-1,1.872175789E1
4.197323083E0,1.669422913E1,-5.404281616E-1,1.891348457E1
4.207262083E0,1.690682793E1,-1.321636200E0,1.907856560E1
4.217201083E0,1.686175537E1,-2.110908508E0,1.901905251E1
4.227140083E0,1.682127762E1,-2.993450165E0,1.913811684E1
4.237079083E0,1.693383980E1,-3.805089951E0,1.929200363E1
4.247018083E0,1.684266663E1,-4.529842377E0,1.909595490E1
4.256957083E0,1.703770065E1,-5.129373550E0,1.907354927E1
4.266896083E0,1.680331421E1,-5.914575577E0,1.919802284E1
4.276835083E0,1.668896866E1,-6.614328384E0,1.921516418E1
4.286773083E0,1.652516937E1,-7.211502075E0,1.939132690E1
4.296712083E0,1.642931938E1,-7.974256516E0,1.942948914E1
4.306651083E0,1.633091164E1,-8.582464218E0,1.935499763E1
4.316590083E0,1.638140106E1,-9.257003784E0,1.945065308E1
4.326529083E0,1.643110657E1,-1.007640266E1,1.920753288E1
4.336468083E0,1.642104149E1,-1.071669006E1,1.917209053E1
4.346407083E0,1.621084785E1,-1.137865829E1,1.922846985E1
4.356346083E0,1.613310051E1,-1.207749176E1,1.898373413E1
4.366285083E0,1.604222488E1,-1.266977692E1,1.893606377E1
4.376224083E0,1.601557541E1,-1.339914513E1,1.885397720E1
4.386163083E0,1.600970459E1,-1.411956406E1,1.857956886E1
4.396102083E0,1.600970459E1,-1.411956406E1,1.857956886E1
4.406041083E0,1.591407871E1,-1.469962120E1,1.812056541E1
4.415980083E0,1.611744118E1,-1.558699989E1,1.774153709E1
4.425919083E0,1.594283009E1,-1.630981827E1,1.751605225E1
4.435858083E0,1.576134586E1,-1.700617981E1,1.746727943E1
4.445797083E0,1.565372753E1,-1.772359085E1,1.703555679E1
4.455736083E0,1.560251141E1,-1.820521164E1,1.667043686E1
4.465675083E0,1.551629353E1,-1.874326324E1,1.622432518E1
4.475614083E0,1.555848408E1,-1.913900757E1,1.610181046E1
4.485552083E0,1.543781948E1,-1.954285431E1,1.598808479E1
4.495491083E0,1.527833462E1,-1.992879486E1,1.559228039E1
4.505430083E0,1.546249676E1,-2.040087318E1,1.528609085E1
4.515369083E0,1.537846088E1,-2.075477409E1,1.490558910E1
4.525308083E0,1.545286465E1,-2.124231720E1,1.477562714E1
4.535247083E0,1.539010715E1,-2.165203094E1,1.442490196E1
4.545186083E0,1.541231823E1,-2.190814781E1,1.415814400E1
4.555125083E0,1.546664906E1,-2.231380463E1,1.351221085E1
4.565064083E0,1.544549847E1,-2.279907990E1,1.304659748E1
4.575003083E0,1.546920300E1,-2.325112724E1,1.250814629E1
4.584942083E0,1.543495083E1,-2.350718498E1,1.239938068E1
4.594881083E0,1.542653370E1,-2.377064514E1,1.203352261E1
4.604820083E0,1.547391415E1,-2.401881027E1,1.155849171E1
4.614759083E0,1.545098400E1,-2.427713013E1,1.107869816E1
4.624698083E0,1.546510029E1,-2.473254395E1,1.078984356E1
4.634637083E0,1.551691914E1,-2.504526520E1,1.053044510E1
4.644576083E0,1.544457912E1,-2.512392044E1,1.010849571E1
4.654515083E0,1.534525394E1,-2.536517143E1,9.643186569E0
4.664454083E0,1.545701504E1,-2.555453300E1,9.041083336E0
4.674393083E0,1.545701504E1,-2.555453300E1,9.041083336E0
4.684331000E0,1.552596951E1,-2.581622314E1,8.834253311E0
4.694270000E0,1.548971653E1,-2.609983063E1,8.609889984E0
4.704209000E0,1.532238293E1,-2.631336403E1,8.113804817E0
4.714148000E0,1.538094807E1,-2.634807014E1,7.835170746E0
4.724087000E0,1.558161640E1,-2.640589142E1,7.803539276E0
4.734026000E0,1.561244297E1,-2.646163368E1,7.603124619E0
4.743965000E0,1.570753002E1,-2.641474152E1,7.440581322E0
4.753904000E0,1.581520748E1,-2.640950775E1,7.304579735E0
4.763843000E0,1.579902363E1,-2.652171898E1,7.285193443E0
4.773782000E0,1.578789997E1,-2.654717064E1,7.387351036E0
4.783721000E0,1.588422298E1,-2.663093567E1,7.370317459E0
4.793660000E0,1.579936695E1,-2.646598434E1,7.411698341E0
4.803599000E0,1.576551151E1,-2.642757416E1,7.407396317E0
4.813538000E0,1.578231335E1,-2.639411163E1,7.551518440E0
4.823477000E0,1.589879894E1,-2.640201950E1,7.739663124E0
4.833416000E0,1.583966923E1,-2.642102814E1,7.779478073E0
4.843355000E0,1.574708271E1,-2.632283401E1,7.704060555E0
4.853294000E0,1.575703716E1,-2.623336411E1,7.899212837E0
4.863233000E0,1.583104420E1,-2.615195465E1,8.161908150E0
4.873172000E0,1.587090397E1,-2.627596664E1,8.122721672E0
4.883111000E0,1.583903217E1,-2.629041100E1,8.223348618E0
4.893050000E0,1.583357334E1,-2.625583649E1,8.321817398E0
4.902989000E0,1.580928326E1,-2.619584656E1,8.531026840E0
4.912927000E0,1.574467754E1,-2.615644073E1,8.679578781E0
4.922866000E0,1.571636868E1,-2.613009453E1,8.617752075E0
4.932805000E0,1.580029964E1,-2.617470932E1,8.975796700E0
4.942744000E0,1.580029964E1,-2.617470932E1,8.975796700E0
4.952683000E0,1.570784473E1,-2.613558960E1,8.931872368E0
4.962622000E0,1.557996845E1,-2.621491623E1,9.212073326E0
4.972561000E0,1.567824459E1,-2.610984039E1,9.036561012E0
4.982500000E0,1.558430576E1,-2.619829941E1,9.229511261E0
4.992439000E0,1.573322964E1,-2.618291092E1,9.168564796E0
5.002378000E0,1.554349804E1,-2.609704208E1,9.330874443E0
5.012317000E0,1.549883175E1,-2.609029961E1,9.245858192E0
5.022256000E0,1.560079098E1,-2.601797104E1,9.256734848E0
5.032195000E0,1.552288723E1,-2.604182434E1,9.278660774E0
5.042134000E0,1.551627064E1,-2.605895233E1,9.451654434E0
5.052073000E0,1.544721127E1,-2.598240280E1,9.406171799E0
5.062012000E0,1.537217808E1,-2.608633804E1,9.519819260E0
5.071951000E0,1.544643688E1,-2.621588516E1,9.728545189E0
5.081890000E0,1.545905781E1,-2.612045479E1,9.542209625E0
5.091829000E0,1.533957195E1,-2.589025688E1,9.644489288E0
5.101768000E0,1.529901409E1,-2.599563026E1,9.768557549E0
5.111707000E0,1.501745319E1,-2.595865059E1,9.916903496E0
5.121646000E0,1.496096325E1,-2.601403809E1,1.020243073E1
5.131585000E0,1.453931332E1,-2.590696335E1,1.062122822E1
5.141523000E0,1.426710606E1,-2.587014580E1,1.099676228E1
5.151462000E0,1.399319935E1,-2.584938431E1,1.119526100E1
5.161401000E0,1.353297520E1,-2.586608315E1,1.154375839E1
5.171340000E0,1.307136822E1,-2.603323364E1,1.202553844E1
5.181279000E0,1.257269955E1,-2.602128029E1,1.204623890E1
5.191218000E0,1.180363941E1,-2.605310440E1,1.259575748E1
5.201157000E0,1.126304150E1,-2.611196136E1,1.337063408E1
5.211096000E0,1.043802357E1,-2.610917282E1,1.373244667E1
5.221035000E0,1.043802357E1,-2.610917282E1,1.373244667E1
5.230974000E0,9.613915443E0,-2.610557365E1,1.413948631E1
5.240913000E0,8.792413712E0,-2.611264801E1,1.441710854E1
5.250852000E0,7.913471222E0,-2.616906738E1,1.465526676E1
5.260791000E0,7.202573776E0,-2.621863747E1,1.530499077E1
5.270730000E0,6.435681343E0,-2.614920425E1,1.535398293E1
5.280669000E0,5.416400909E0,-2.615050125E1,1.575033569E1
5.290608000E0,4.649580956E0,-2.618675041E1,1.580871391E1
5.300547000E0,3.742275476E0,-2.599971771E1,1.586065388E1
5.310486000E0,2.866715193E0,-2.613689423E1,1.594453430E1
5.320425000E0,1.999131441E0,-2.612230492E1,1.602167702E1
5.330364000E0,1.179654360E0,-2.604334641E1,1.585189438E1
5.340303000E0,6.866443157E-1,-2.609041977E1,1.588075829E1
5.350242000E0,9.851694107E-3,-2.605128860E1,1.586034203E1
5.360181000E0,-4.248321056E-1,-2.606803131E1,1.567430687E1
5.370120000E0,-1.009343863E0,-2.617835426E1,1.590455437E1
5.380059000E0,-1.497144699E0,-2.621411896E1,1.563140488E1
5.389997000E0,-1.721045852E0,-2.607217216E1,1.554111099E1
5.399936000E0,-2.046262741E0,-2.610352325E1,1.521829987E1
5.409875000E0,-2.205202818E0,-2.623374557E1,1.506721687E1
5.419814000E0,-2.261496544E0,-2.635422897E1,1.493702126E1
5.429753000E0,-2.135097504E0,-2.659606361E1,1.482654381E1
5.439692000E0,-2.398319244E0,-2.645872307E1,1.470148659E1
5.449631000E0,-2.399049759E0,-2.650087166E1,1.469277954E1
5.459570000E0,-2.515905857E0,-2.650288963E1,1.455138493E1
5.469509000E0,-2.737978220E0,-2.649468803E1,1.436961651E1
5.479448000E0,-2.880355835E0,-2.666860199E1,1.432074356E1
5.489387000E0,-2.880355835E0,-2.666860199E1,1.432074356E1
5.499326000E0,-3.075328350E0,-2.657325745E1,1.398914528E1
5.509265000E0,-3.199087858E0,-2.663892746E1,1.385570145E1
5.519204000E0,-3.392156363E0,-2.677808762E1,1.357784271E1
5.529143000E0,-3.524270535E0,-2.686824608E1,1.339234161E1
5.539082000E0,-3.721703529E0,-2.670456696E1,1.348811340E1
5.549021000E0,-3.961774588E0,-2.665421677E1,1.330342579E1
5.558960000E0,-4.103052616E0,-2.657582092E1,1.332099724E1
5.568899000E0,-4.178389549E0,-2.648141861E1,1.346104050E1
5.578838000E0,-4.348910809E0,-2.656593895E1,1.348300552E1
5.588777000E0,-4.313498974E0,-2.637703323E1,1.338368988E1
5.598716000E0,-4.380792618E0,-2.653284454E1,1.320854759E1
5.608655000E0,-4.342461586E0,-2.636013794E1,1.340600300E1
5.618594000E0,-4.338549614E0,-2.647088051E1,1.348677254E1
5.628533000E0,-4.278107643E0,-2.646373367E1,1.360002518E1
5.638472000E0,-4.140348911E0,-2.649898911E1,1.396631908E1
5.648411000E0,-4.083708763E0,-2.664754868E1,1.380620670E1
5.658350000E0,-3.919305563E0,-2.666592216E1,1.373972225E1
5.668289000E0,-3.800916910E0,-2.657752609E1,1.351559067E1
5.678227000E0,-3.972028255E0,-2.659088898E1,1.360332489E1
5.688166208E0,-3.889310360E0,-2.656563568E1,1.361246681E1
5.698105208E0,-3.746871233E0,-2.653759766E1,1.391570663E1
5.708044208E0,-3.748674631E0,-2.665400696E1,1.389205360E1
5.717983208E0,-3.407659531E0,-2.676441193E1,1.406079674E1
5.727922208E0,-3.175201178E0,-2.662381935E1,1.419919682E1
5.737861208E0,-2.976870537E0,-2.663573265E1,1.448435974E1
5.747800208E0,-2.813632488E0,-2.667222023E1,1.456871796E1
5.757739208E0,-2.599569321E0,-2.663901901E1,1.455680275E1
5.767678208E0,-2.599569321E0,-2.663901901E1,1.455680275E1
5.777617208E0,-2.209222317E0,-2.665261078E1,1.485313225E1
5.787556208E0,-1.954416633E0,-2.648727226E1,1.492027855E1
5.797495208E0,-1.513929367E0,-2.654257393E1,1.520847893E1
5.807434208E0,-9.396204948E-1,-2.665572739E1,1.527922630E1
5.817373208E0,-2.711055279E-1,-2.658910942E1,1.535651779E1
5.827312208E0,2.870838642E-1,-2.648931694E1,1.536590862E1
5.837251208E0,9.534232616E-1,-2.651954460E1,1.546507835E1
5.847190208E0,1.602098227E0,-2.640611839E1,1.579467201E1
5.857129208E0,2.399049997E0,-2.627025414E1,1.577187252E1
5.867068208E0,3.143037081E0,-2.626783752E1,1.566268539E1
5.877007208E0,3.906357050E0,-2.622449112E1,1.568345070E1
5.886946208E0,4.861220360E0,-2.614486694E1,1.541402626E1
5.896885208E0,5.708201408E0,-2.611483765E1,1.551633453E1
5.906824208E0,6.601130486E0,-2.603035927E1,1.550358963E1
5.916763208E0,7.417277336E0,-2.593363571E1,1.527051926E1
5.926702208E0,8.086680412E0,-2.578050995E1,1.522790623E1
5.936641208E0,8.925215721E0,-2.559456062E1,1.540367508E1
5.946580208E0,9.620465279E0,-2.531135559E1,1.507637787E1
5.956519208E0,1.030593491E1,-2.515416527E1,1.476341057E1
5.966458208E0,1.103237343E1,-2.515470695E1,1.478011322E1
5.976397208E0,1.162333488E1,-2.521980095E1,1.442955208E1
5.986336208E0,1.218048668E1,-2.504861832E1,1.407401657E1
5.996274208E0,1.277842617E1,-2.485177803E1,1.373807907E1
6.006213208E0,1.327659702E1,-2.480109406E1,1.326176262E1
6.016152208E0,1.376011753E1,-2.470848846E1,1.318648720E1
6.026091208E0,1.420765972E1,-2.466617203E1,1.281657028E1
6.036030208E0,1.420765972E1,-2.466617203E1,1.281657028E1
6.045969208E0,1.455259037E1,-2.452513504E1,1.267517853E1
6.055908208E0,1.513419628E1,-2.447463608E1,1.203736305E1
6.065847208E0,1.542490101E1,-2.447949600E1,1.192333889E1
6.075786208E0,1.572251987E1,-2.436968994E1,1.172547626E1
6.085725208E0,1.584946918E1,-2.428118324E1,1.132446861E1
6.095664208E0,1.617018127E1,-2.428375244E1,1.095765400E1
6.105603208E0,1.646953964E1,-2.412262154E1,1.077197456E1
6.115542208E0,1.661546516E1,-2.406882477E1,1.056643581E1
6.125481208E0,1.687598419E1,-2.389710999E1,1.024141312E1
6.135420208E0,1.713058281E1,-2.387722015E1,1.040378571E1
6.145359208E0,1.735867310E1,-2.386240196E1,1.027202415E1
6.155298208E0,1.763784790E1,-2.379308128E1,1.013179302E1
6.165237208E0,1.780176163E1,-2.371478653E1,9.956752777E0
6.175176208E0,1.786669731E1,-2.361792755E1,9.979428291E0
6.185115208E0,1.801308060E1,-2.352165413E1,9.797089577E0
6.195054208E0,1.811076355E1,-2.334689903E1,9.707763672E0
6.204993208E0,1.820482445E1,-2.333152390E1,9.673640251E0
6.214932208E0,1.819302940E1,-2.333076286E1,9.547346115E0
6.224871208E0,1.830694389E1,-2.327714539E1,9.293408394E0
6.234810208E0,1.828100777E1,-2.341158676E1,9.136766434E0
6.244749208E0,1.825715446E1,-2.331374931E1,9.196803093E0
6.254688208E0,1.832893753E1,-2.327649307E1,9.150762558E0
6.264627208E0,1.835659409E1,-2.325143814E1,9.156653404E0
6.274566208E0,1.833225250E1,-2.314641190E1,9.251715660E0
6.284505208E0,1.857531166E1,-2.330368805E1,9.252442360E0
6.294444208E0,1.847581482E1,-2.316133881E1,8.997466087E0
6.304383208E0,1.849476433E1,-2.312587738E1,8.709033966E0
6.314322208E0,1.849476433E1,-2.312587738E1,8.709033966E0
6.324261208E0,1.853696632E1,-2.319675064E1,8.598354340E0
6.334200208E0,1.864951324E1,-2.320550156E1,8.476992607E0
6.344139208E0,1.865578270E1,-2.331523132E1,8.306341171E0
6.354078208E0,1.877575493E1,-2.331543922E1,8.038578987E0
6.364017208E0,1.884006119E1,-2.355120659E1,7.629225731E0
6.373956208E0,1.894324684E1,-2.365069580E1,7.304836273E0
6.383895208E0,1.895893669E1,-2.379058456E1,6.846508980E0
6.393834208E0,1.887366104E1,-2.391852188E1,6.398748398E0
6.403773208E0,1.893067169E1,-2.400180817E1,5.948219299E0
6.413711208E0,1.894587135E1,-2.394623947E1,5.819896698E0
6.423650208E0,1.906885338E1,-2.387811661E1,5.774019241E0
6.433589208E0,1.908120537E1,-2.389278412E1,5.199880600E0
6.443528208E0,1.908121681E1,-2.396061134E1,4.546009064E0
6.453467208E0,1.933119583E1,-2.405743027E1,4.217151642E0
6.463406208E0,1.930794144E1,-2.412610626E1,3.806161880E0
6.473345208E0,1.950167465E1,-2.414348984E1,3.103240967E0
6.483284208E0,1.945153809E1,-2.412831879E1,2.836431503E0
6.493223208E0,1.934835815E1,-2.418881989E1,2.333528519E0
6.503162208E0,1.935481834E1,-2.417130661E1,1.895980835E0
6.513101208E0,1.934867859E1,-2.430834961E1,1.288211823E0
6.523040208E0,1.924271584E1,-2.427687836E1,8.170528412E-1
6.532979208E0,1.915591431E1,-2.436614418E1,-5.947303772E-2
6.542918208E0,1.895059395E1,-2.448561287E1,-6.400012970E-1
6.552857208E0,1.886545753E1,-2.457446671E1,-1.303703308E0
6.562796208E0,1.874697876E1,-2.471000671E1,-1.641559601E0
6.572735208E0,1.833379555E1,-2.470759583E1,-2.386278152E0
6.582674208E0,1.833379555E1,-2.470759583E1,-2.386278152E0
6.592613208E0,1.831690025E1,-2.486699104E1,-2.742847443E0
6.602552208E0,1.814266396E1,-2.499879074E1,-3.145950317E0
6.612491208E0,1.801342201E1,-2.498530197E1,-3.585111618E0
6.622430208E0,1.772363853E1,-2.493111801E1,-3.971549988E0
6.632369208E0,1.758887482E1,-2.495516968E1,-4.709421158E0
6.642308208E0,1.750562286E1,-2.487299347E1,-5.030344009E0
6.652247208E0,1.734269524E1,-2.483538246E1,-5.755235672E0
6.662186208E0,1.707527542E1,-2.478710556E1,-6.099842072E0
6.672125208E0,1.700408745E1,-2.477755737E1,-6.600555420E0
6.682064208E0,1.670922470E1,-2.482069778E1,-6.843097687E0
6.692003708E0,1.642734337E1,-2.480605698E1,-7.223003387E0
6.701942708E0,1.606506920E1,-2.480800247E1,-7.868730545E0
6.711881708E0,1.580688953E1,-2.480674362E1,-8.454896927E0
6.721820708E0,1.571061611E1,-2.479341888E1,-8.824707031E0
6.731759708E0,1.533537769E1,-2.463943100E1,-9.250955582E0
6.741698708E0,1.486621380E1,-2.451005745E1,-9.362836838E0
6.751637708E0,1.481119251E1,-2.452886391E1,-9.689914703E0
6.761576708E0,1.465246868E1,-2.437513733E1,-1.005223465E1
6.771515708E0,1.449368000E1,-2.445259857E1,-1.037309647E1
6.781454708E0,1.406380749E1,-2.435597610E1,-1.054374313E1
6.791393708E0,1.380268764E1,-2.435745811E1,-1.080069733E1
6.801332708E0,1.373272610E1,-2.436855698E1,-1.098140717E1
6.811271708E0,1.348082638E1,-2.430963516E1,-1.109634781E1
6.821210708E0,1.325265408E1,-2.440949249E1,-1.128341293E1
6.831149708E0,1.321140194E1,-2.426575470E1,-1.116746521E1
6.841088708E0,1.323929691E1,-2.420622444E1,-1.141950607E1
6.851027708E0,1.311709499E1,-2.415888023E1,-1.163265610E1
6.860966708E0,1.311709499E1,-2.415888023E1,-1.163265610E1
6.870905708E0,1.291073704E1,-2.393329620E1,-1.194771576E1
6.880844708E0,1.281168270E1,-2.399614525E1,-1.214385986E1
6.890783708E0,1.260600758E1,-2.399181747E1,-1.243565369E1
6.900722708E0,1.236510754E1,-2.384895325E1,-1.242219543E1
6.910661708E0,1.213459587E1,-2.388293457E1,-1.257991028E1
6.920600708E0,1.191857815E1,-2.387089539E1,-1.285149002E1
6.930539708E0,1.175285053E1,-2.389467049E1,-1.277741241E1
6.940478708E0,1.175775146E1,-2.388374329E1,-1.286821747E1
6.950417708E0,1.148243713E1,-2.388659286E1,-1.292285919E1
6.960356708E0,1.138735676E1,-2.387799454E1,-1.280140305E1
6.970295708E0,1.123344135E1,-2.387516403E1,-1.289028549E1
6.980234708E0,1.119754982E1,-2.397178459E1,-1.294628906E1
6.990172708E0,1.129078579E1,-2.399232864E1,-1.310626221E1
7.000112708E0,1.115449810E1,-2.394442749E1,-1.351018524E1
7.010050708E0,1.105464554E1,-2.385757828E1,-1.374316025E1
7.019989708E0,1.109762764E1,-2.385568619E1,-1.365879440E1
7.029928708E0,1.105090332E1,-2.394829559E1,-1.360282135E1
7.039867708E0,1.106306171E1,-2.399866676E1,-1.355624771E1
7.049806708E0,1.113070774E1,-2.399311447E1,-1.328752518E1
7.059745708E0,1.118389893E1,-2.390469742E1,-1.323094559E1
7.069684708E0,1.133901310E1,-2.400366974E1,-1.317685318E1
7.079623708E0,1.129892159E1,-2.391990662E1,-1.322414017E1
7.089562708E0,1.143403625E1,-2.403473282E1,-1.298930359E1
7.099501708E0,1.142894745E1,-2.417433548E1,-1.294062805E1
7.109440708E0,1.155178833E1,-2.421499443E1,-1.287907410E1
7.119379708E0,1.170754623E1,-2.421127319E1,-1.281977844E1
7.129318708E0,1.170754623E1,-2.421127319E1,-1.281977844E1
7.139257708E0,1.185552406E1,-2.423823547E1,-1.273056030E1
7.149196708E0,1.191842365E1,-2.435173035E1,-1.253734589E1
7.159135708E0,1.235916805E1,-2.453962708E1,-1.215226746E1
7.169074708E0,1.261543560E1,-2.469179535E1,-1.167305374E1
7.179013708E0,1.288310337E1,-2.470973587E1,-1.117892838E1
7.188952708E0,1.326220226E1,-2.497623634E1,-1.063783073E1
7.198891708E0,1.331646633E1,-2.520772552E1,-9.895009995E0
7.208830708E0,1.381010723E1,-2.538181877E1,-9.054866791E0
7.218769708E0,1.407622433E1,-2.558254242E1,-8.738098145E0
7.228708708E0,1.424475956E1,-2.575371170E1,-7.857482910E0
7.238647708E0,1.438212872E1,-2.602354050E1,-6.578849792E0
7.248586708E0,1.476102924E1,-2.614468956E1,-5.599744797E0
7.258525708E0,1.491518497E1,-2.640228081E1,-4.623037338E0
7.268464708E0,1.509668827E1,-2.645835876E1,-3.384767532E0
7.278403708E0,1.518496799E1,-2.668488693E1,-2.046400070E0
7.288342708E0,1.530620861E1,-2.663189316E1,-8.205146790E-1
7.298281708E0,1.529022884E1,-2.687547493E1,2.565250397E-1
7.308220708E0,1.514986515E1,-2.686908722E1,1.396430969E0
7.318159708E0,1.511943340E1,-2.689480019E1,2.231880188E0
7.328098708E0,1.490532398E1,-2.681954956E1,3.303541183E0
7.338037708E0,1.470444202E1,-2.683500671E1,4.075990677E0
7.347976708E0,1.468473339E1,-2.684166527E1,4.789316177E0
7.357915708E0,1.452870083E1,-2.672977257E1,5.678122520E0
7.367854708E0,1.424819088E1,-2.671590424E1,6.148651123E0
7.377793708E0,1.428050709E1,-2.672018814E1,6.258160591E0
7.387732708E0,1.417325115E1,-2.672132111E1,6.588972092E0
7.397671708E0,1.407930470E1,-2.678790283E1,6.715511322E0
7.407610708E0,1.407930470E1,-2.678790283E1,6.715511322E0
7.417549708E0,1.398024845E1,-2.681694031E1,6.739038467E0
7.427488708E0,1.397560024E1,-2.697873688E1,7.100569725E0
7.437427708E0,1.375509548E1,-2.696884155E1,6.988998413E0
7.447366708E0,1.366282177E1,-2.689765930E1,7.049538612E0
7.457305708E0,1.353775883E1,-2.706194496E1,7.313982964E0
7.467244708E0,1.342184544E1,-2.703148270E1,7.307911873E0
7.477183708E0,1.347687054E1,-2.715376091E1,7.443419456E0
7.487122708E0,1.339361095E1,-2.721222878E1,7.325865746E0
7.497061708E0,1.338656139E1,-2.723109627E1,7.223212242E0
7.507000708E0,1.334371662E1,-2.727885246E1,7.395789146E0
7.516939708E0,1.317269611E1,-2.738029671E1,7.063479424E0
7.526878708E0,1.316673565E1,-2.754492950E1,7.173128128E0
7.536817708E0,1.331296253E1,-2.759672165E1,7.101866722E0
7.546756708E0,1.334723377E1,-2.745692253E1,6.812156677E0
7.556695708E0,1.362512684E1,-2.742426300E1,6.895156860E0
7.566634708E0,1.368293285E1,-2.748673058E1,6.493404388E0
7.576573708E0,1.363981533E1,-2.749599457E1,6.402793884E0
7.586512708E0,1.392442608E1,-2.752588844E1,6.315263748E0
7.596451708E0,1.396081638E1,-2.765845680E1,6.214158058E0
7.606390708E0,1.394864178E1,-2.771918678E1,6.043278694E0
7.616329708E0,1.413065052E1,-2.764643478E1,6.052488327E0
7.626268708E0,1.414117908E1,-2.763352394E1,5.886369705E0
7.636207708E0,1.408103657E1,-2.744427681E1,6.239162445E0
7.646146708E0,1.407442188E1,-2.761113739E1,6.510024071E0
7.656085708E0,1.426876545E1,-2.764937019E1,6.330773354E0
7.666024708E0,1.431643581E1,-2.743444443E1,6.470819473E0
7.675963708E0,1.431643581E1,-2.743444443E1,6.470819473E0
7.685901708E0,1.436433315E1,-2.747426796E1,6.519782066E0
7.695840708E0,1.436534786E1,-2.735901070E1,6.410606384E0
7.705779708E0,1.438521862E1,-2.735022163E1,6.442420959E0
7.715718708E0,1.437172794E1,-2.731492996E1,6.509210587E0
7.725657708E0,1.431635380E1,-2.737702751E1,6.715516090E0
7.735596708E0,1.416985226E1,-2.735063362E1,6.892234802E0
7.745535708E0,1.401047230E1,-2.741482925E1,7.199099541E0
7.755474708E0,1.386245632E1,-2.744334984E1,7.164843559E0
7.765413708E0,1.380472088E1,-2.742640305E1,7.261361122E0
7.775352708E0,1.361830425E1,-2.759700012E1,7.327920914E0
7.785291708E0,1.325455761E1,-2.762510872E1,7.223972321E0
7.795230708E0,1.283269978E1,-2.778354263E1,7.196286201E0
7.805169708E0,1.282714367E1,-2.803680229E1,7.082783699E0
7.815108708E0,1.244675541E1,-2.815470695E1,6.925743103E0
7.825047708E0,1.222969341E1,-2.841205215E1,6.959467888E0
7.834986708E0,1.172836113E1,-2.876109886E1,6.790338516E0
7.844925708E0,1.116310883E1,-2.889307022E1,6.601550102E0
7.854864708E0,1.068902016E1,-2.912700844E1,5.944885254E0
7.864803708E0,1.002676010E1,-2.958061600E1,5.694417953E0
7.874742708E0,9.227470398E0,-2.977871704E1,5.425771713E0
7.884681708E0,8.336619377E0,-3.020207214E1,5.242957115E0
7.894620708E0,7.329107285E0,-3.047786522E1,5.016653061E0
7.904559708E0,6.248177528E0,-3.084125519E1,4.664203644E0
7.914498708E0,5.184799194E0,-3.106072617E1,4.540336609E0
7.924437708E0,4.058376312E0,-3.118072891E1,4.156906128E0
7.934376708E0,2.913748026E0,-3.130872726E1,3.684036255E0
7.944315708E0,1.770957708E0,-3.130312920E1,3.386663437E0
7.954254708E0,1.770957708E0,-3.130312920E1,3.386663437E0
7.964193708E0,5.942394733E-1,-3.133429527E1,3.152740479E0
7.974132708E0,-5.424234867E-1,-3.138249588E1,3.024881363E0
7.984071708E0,-1.641859293E0,-3.143876457E1,2.822372437E0
7.994010708E0,-2.919655800E0,-3.127218819E1,2.877847672E0
8.003949708E0,-4.126163483E0,-3.116536331E1,2.715377808E0
8.013888708E0,-5.376884460E0,-3.089570236E1,2.715726852E0
8.023827708E0,-6.368162155E0,-3.050841713E1,2.833271027E0
8.033766708E0,-7.353442669E0,-3.016945839E1,2.968921661E0
8.043705708E0,-8.030561447E0,-2.985666466E1,3.129734039E0
8.053644708E0,-8.854176521E0,-2.963907242E1,3.367612839E0
8.063583708E0,-9.833765030E0,-2.913331032E1,3.643285751E0
8.073522708E0,-1.059438610E1,-2.902470016E1,3.943199158E0
8.083461708E0,-1.150045109E1,-2.868723488E1,4.108047485E0
8.093400708E0,-1.229919243E1,-2.819736099E1,4.077669144E0
8.103339708E0,-1.303884125E1,-2.788046646E1,4.322393417E0
8.113278708E0,-1.380868816E1,-2.736019707E1,4.172819138E0
8.123217708E0,-1.457556915E1,-2.694587135E1,3.788904190E0
8.133156708E0,-1.524159431E1,-2.664592552E1,3.718227386E0
8.143095708E0,-1.606439781E1,-2.617683983E1,3.413553238E0
8.153034708E0,-1.678391266E1,-2.562466049E1,3.063787460E0
8.162973708E0,-1.737523842E1,-2.521014023E1,2.766290665E0
8.172912708E0,-1.797458649E1,-2.471174049E1,2.761480331E0
8.182851708E0,-1.854183197E1,-2.416763687E1,2.691308975E0
8.192790708E0,-1.924348640E1,-2.362460709E1,2.726572037E0
8.202729708E0,-1.976118851E1,-2.307035446E1,2.751792908E0
8.212668708E0,-2.027193642E1,-2.256026459E1,2.677526474E0
8.222607708E0,-2.027193642E1,-2.256026459E1,2.677526474E0
8.232546708E0,-2.073710442E1,-2.224682808E1,2.721818924E0
8.242485708E0,-2.096256638E1,-2.176237488E1,2.782718658E0
8.252424708E0,-2.133586502E1,-2.147156143E1,2.728124619E0
8.262363708E0,-2.162534523E1,-2.106477356E1,2.871654510E0
8.272302708E0,-2.194960976E1,-2.081131554E1,2.699806213E0
8.282241708E0,-2.197854233E1,-2.073960495E1,2.761825562E0
8.292180708E0,-2.217964172E1,-2.041192055E1,2.617679596E0
8.302119708E0,-2.229122543E1,-2.016260338E1,2.631168365E0
8.312058708E0,-2.233991432E1,-2.019343567E1,2.275085449E0
8.321997708E0,-2.232636261E1,-2.011380386E1,2.310529709E0
8.331936708E0,-2.231614113E1,-2.003508568E1,2.165140152E0
8.341875708E0,-2.233230209E1,-1.992325783E1,2.213218689E0
8.351814708E0,-2.226343727E1,-2.006937218E1,1.900568008E0
8.361753708E0,-2.210519409E1,-2.030705261E1,1.883335114E0
8.371692708E0,-2.186840630E1,-2.035405731E1,1.700948715E0
8.381631708E0,-2.177516556E1,-2.052913284E1,2.022224426E0
8.391570708E0,-2.157792282E1,-2.064725113E1,2.254346848E0
8.401509708E0,-2.139410210E1,-2.082371521E1,2.118215561E0
8.411448708E0,-2.132122993E1,-2.110779190E1,2.145742416E0
8.421387708E0,-2.107617760E1,-2.122644615E1,2.178365707E0
8.431326708E0,-2.088906479E1,-2.148622131E1,2.160350800E0
8.441265708E0,-2.053865433E1,-2.176537704E1,2.319377899E0
8.451204708E0,-2.012090874E1,-2.220996475E1,2.374855042E0
8.461143708E0,-1.965733147E1,-2.255414391E1,2.529453278E0
8.471082708E0,-1.905325508E1,-2.294969177E1,2.374399185E0
8.481021708E0,-1.846111679E1,-2.348657227E1,2.199911118E0
8.490960708E0,-1.779181862E1,-2.366312790E1,1.843183517E0
8.500899708E0,-1.779181862E1,-2.366312790E1,1.843183517E0
8.510838708E0,-1.732119179E1,-2.427581215E1,2.123649597E0
8.520777708E0,-1.672494507E1,-2.509680748E1,2.121547699E0
8.530716708E0,-1.609147072E1,-2.537096977E1,1.867525101E0
8.540655708E0,-1.530075550E1,-2.577158737E1,1.651987076E0
8.550594708E0,-1.460897541E1,-2.626452255E1,1.620334625E0
8.560533708E0,-1.388598061E1,-2.682609940E1,1.506456375E0
8.570472708E0,-1.310613728E1,-2.724236679E1,1.217103958E0
8.580411708E0,-1.227040195E1,-2.768060303E1,1.386550903E0
8.590350708E0,-1.136416817E1,-2.800380325E1,1.299715042E0
8.600289708E0,-1.058014965E1,-2.841814995E1,1.272609711E0
8.610228708E0,-9.596241951E0,-2.883898544E1,1.580726624E0
8.620167708E0,-8.580168724E0,-2.915722275E1,1.534099579E0
8.630106708E0,-7.404911995E0,-2.943806076E1,1.436819077E0
8.640045708E0,-6.370358467E0,-2.977799797E1,1.253032684E0
8.649984708E0,-5.451039314E0,-3.028663063E1,1.415388107E0
8.659923708E0,-4.297948837E0,-3.047402954E1,1.347349167E0
8.669862708E0,-3.169647694E0,-3.062231255E1,1.380523682E0
8.679801708E0,-1.962733507E0,-3.084357071E1,1.354095459E0
8.689741708E0,-6.910800934E-1,-3.091253471E1,1.739473343E0
8.699680708E0,4.558680058E-1,-3.093750000E1,2.169004440E0
8.709619708E0,1.630614996E0,-3.094720459E1,2.607543945E0
8.719558708E0,3.110461473E0,-3.085207176E1,3.097976685E0
8.729497708E0,4.253121376E0,-3.071767044E1,3.524202347E0
8.739436708E0,5.348652840E0,-3.052367973E1,4.167753220E0
8.749375708E0,6.516975403E0,-3.012677574E1,5.002872467E0
8.759314708E0,7.409917831E0,-2.982259750E1,5.871094704E0
8.769253708E0,7.409917831E0,-2.982259750E1,5.871094704E0
8.779192708E0,8.313046455E0,-2.928342628E1,6.820075989E0
8.789131708E0,9.065256119E0,-2.917600632E1,7.440339088E0
8.799070708E0,9.591976166E0,-2.866735649E1,8.055356026E0
8.809010708E0,1.025372601E1,-2.809863472E1,8.485371590E0
8.818948708E0,1.084496498E1,-2.772900772E1,8.713916779E0
8.828887708E0,1.157031250E1,-2.753003883E1,8.981060982E0
8.838827708E0,1.206439018E1,-2.727423859E1,9.025600433E0
8.848766708E0,1.247411060E1,-2.718088913E1,9.024228096E0
8.858705708E0,1.269195652E1,-2.719793129E1,8.942010880E0
8.868644708E0,1.307979870E1,-2.709355736E1,9.001605034E0
8.878583708E0,1.319880581E1,-2.719974327E1,9.052209854E0
8.888522708E0,1.352439594E1,-2.710750961E1,8.824583054E0
8.898461708E0,1.372066593E1,-2.688054657E1,9.013365746E0
8.908400708E0,1.387101460E1,-2.683371162E1,8.800602913E0
8.918339708E0,1.412604427E1,-2.661250877E1,8.677685738E0
8.928278708E0,1.431503773E1,-2.666997719E1,8.697991371E0
8.938217708E0,1.447213459E1,-2.649439812E1,8.660118103E0
8.948156708E0,1.493308353E1,-2.622851944E1,8.969963074E0
8.958095708E0,1.504356670E1,-2.625321960E1,9.102783203E0
8.968034708E0,1.538478565E1,-2.590594864E1,8.963603973E0
8.977973708E0,1.551400280E1,-2.569844437E1,9.088583946E0
8.987912708E0,1.571550274E1,-2.569461060E1,9.485102654E0
8.997851708E0,1.594988728E1,-2.547430420E1,9.655701637E0
9.007790708E0,1.606625175E1,-2.535814667E1,9.550088882E0
9.017729708E0,1.627039146E1,-2.514538956E1,9.490055084E0
9.027668708E0,1.642559052E1,-2.514961052E1,9.810381889E0
9.037607708E0,1.646588516E1,-2.510815239E1,9.722003937E0
9.047546708E0,1.646588516E1,-2.510815239E1,9.722003937E0
9.057485708E0,1.646969032E1,-2.505015755E1,9.621442795E0
9.067424708E0,1.673226547E1,-2.507512093E1,9.697987556E0
9.077363708E0,1.682981300E1,-2.511530113E1,9.379128456E0
9.087302708E0,1.689083672E1,-2.517876244E1,9.169458389E0
9.097241708E0,1.689060783E1,-2.522066498E1,8.795622826E0
9.107180708E0,1.689740944E1,-2.522544098E1,8.797555923E0
9.117119708E0,1.694699287E1,-2.539264679E1,8.926259995E0
9.127058708E0,1.688883972E1,-2.563791275E1,8.604289055E0
9.136997708E0,1.688705826E1,-2.559302330E1,8.348737717E0
9.146936708E0,1.692044640E1,-2.565716171E1,8.277031898E0
9.156875708E0,1.673605919E1,-2.567554665E1,8.534751892E0
9.166814708E0,1.656996727E1,-2.572203064E1,8.721311569E0
9.176753708E0,1.655012703E1,-2.571650696E1,8.554701805E0
9.186692708E0,1.647376633E1,-2.593981552E1,8.651636124E0
9.196631708E0,1.636221695E1,-2.586243439E1,8.519043922E0
9.206570708E0,1.632480431E1,-2.589196777E1,8.485716820E0
9.216509708E0,1.638538170E1,-2.603704071E1,8.295713425E0
9.226448708E0,1.647496414E1,-2.613320541E1,8.312776566E0
9.236387708E0,1.628694344E1,-2.609043884E1,8.379264832E0
9.246326708E0,1.623192406E1,-2.627629471E1,8.218194008E0
9.256265708E0,1.618762207E1,-2.632513046E1,8.203178406E0
9.266204708E0,1.632038116E1,-2.630640030E1,8.067672729E0
9.276143708E0,1.623124504E1,-2.636581421E1,7.660167694E0
9.286082708E0,1.627174377E1,-2.636560631E1,7.895377159E0
9.296021708E0,1.627292061E1,-2.644192696E1,7.930030823E0
9.305960708E0,1.623534584E1,-2.652328300E1,7.629540443E0
9.315899708E0,1.623534584E1,-2.652328300E1,7.629540443E0
9.325838708E0,1.608969688E1,-2.658773232E1,7.462988853E0
9.335777708E0,1.606776047E1,-2.675169373E1,7.185106277E0
9.345716708E0,1.613991737E1,-2.678078461E1,7.313968658E0
9.355655708E0,1.611899376E1,-2.672827339E1,7.054328918E0
9.365594708E0,1.603718376E1,-2.662058640E1,7.055830002E0
9.375533708E0,1.613586426E1,-2.663077354E1,7.159238815E0
9.385472708E0,1.606061935E1,-2.674604225E1,7.050396919E0
9.395411708E0,1.619393730E1,-2.677476692E1,7.144342422E0
9.405350708E0,1.630296707E1,-2.678086853E1,7.097931862E0
9.415289708E0,1.619453430E1,-2.657389069E1,7.147500992E0
9.425228708E0,1.627074814E1,-2.635302162E1,7.390419006E0
9.435168708E0,1.630082321E1,-2.628703880E1,7.718428612E0
9.445107708E0,1.638066483E1,-2.607861519E1,8.208895683E0
9.455046708E0,1.633197594E1,-2.564397240E1,8.531089783E0
9.464985708E0,1.647887802E1,-2.546916962E1,8.929277420E0
9.474924708E0,1.657489586E1,-2.521176529E1,9.648858070E0
9.484863708E0,1.651582336E1,-2.474476624E1,1.039862823E1
9.494802708E0,1.664668274E1,-2.431048393E1,1.119578457E1
9.504741708E0,1.684174919E1,-2.368832779E1,1.191254044E1
9.514680708E0,1.706321335E1,-2.302082443E1,1.281989670E1
9.524619708E0,1.731754684E1,-2.203595352E1,1.339257431E1
9.534558708E0,1.782676888E1,-2.120866013E1,1.407315636E1
9.544497708E0,1.832032204E1,-2.017234230E1,1.489353275E1
9.554436708E0,1.899019623E1,-1.930595398E1,1.537613297E1
9.564375708E0,1.943729782E1,-1.849740601E1,1.612417030E1
9.574314708E0,2.016964149E1,-1.764603424E1,1.619860077E1
9.584253708E0,2.082804298E1,-1.692932892E1,1.619824600E1
9.594192708E0,2.082804298E1,-1.692932892E1,1.619824600E1
9.604131708E0,2.148688126E1,-1.614099312E1,1.614855385E1
9.614070708E0,2.242687416E1,-1.548006058E1,1.590301323E1
9.624009708E0,2.332548141E1,-1.475974464E1,1.580901718E1
9.633948708E0,2.413019943E1,-1.409439659E1,1.547678089E1
9.643887708E0,2.486000061E1,-1.332145309E1,1.506699181E1
9.653826708E0,2.557425499E1,-1.268559837E1,1.461039352E1
9.663765708E0,2.619827271E1,-1.184759521E1,1.398828316E1
9.673704708E0,2.675166893E1,-1.110225105E1,1.339893818E1
9.683643708E0,2.756981659E1,-1.031351471E1,1.297954750E1
9.693581833E0,2.810206223E1,-9.746936798E0,1.269825745E1
9.703520833E0,2.864979362E1,-9.030931473E0,1.249018764E1
9.713459833E0,2.915860939E1,-8.259801865E0,1.212025642E1
9.723398833E0,2.946023369E1,-7.620819092E0,1.184354591E1
9.733337833E0,2.965459251E1,-7.132087708E0,1.191512585E1
9.743276833E0,2.981620979E1,-6.648733139E0,1.158758354E1
9.753215833E0,2.983754921E1,-6.047378540E0,1.165047169E1
9.763154833E0,2.997693825E1,-5.363414764E0,1.157417679E1
9.773093833E0,3.008457375E1,-4.762807846E0,1.148552513E1
9.783032833E0,3.022263145E1,-4.144947052E0,1.152310467E1
9.792971833E0,3.034948158E1,-3.447685242E0,1.188649559E1
9.802910833E0,3.028817940E1,-2.657930374E0,1.187555408E1
9.812849833E0,3.017125511E1,-1.803272247E0,1.199835587E1
9.822788833E0,3.014002037E1,-1.010475159E0,1.211344051E1
9.832727833E0,3.003725243E1,-4.736328125E-2,1.221343708E1
9.842666833E0,2.996285439E1,8.332176208E-1,1.230663967E1
9.852606833E0,3.000265694E1,1.747184753E0,1.243989182E1
9.862545833E0,3.000265694E1,1.747184753E0,1.243989182E1
9.872484833E0,2.982797813E1,2.500122070E0,1.227472496E1
9.882423833E0,2.966720009E1,3.284610748E0,1.252956581E1
9.892362833E0,2.960426140E1,4.147865295E0,1.254279995E1
9.902301833E0,2.955564308E1,5.035964966E0,1.230849934E1
9.912240833E0,2.937208366E1,5.741630554E0,1.243895817E1
9.922179833E0,2.927711296E1,6.355060577E0,1.234331703E1
9.932118833E0,2.916953468E1,6.919994354E0,1.239571762E1
9.942057833E0,2.900147438E1,7.514797211E0,1.220383930E1
9.951996833E0,2.879645348E1,8.312660217E0,1.216806984E1
9.961935833E0,2.859928322E1,8.883167267E0,1.234305763E1
9.971874833E0,2.850782204E1,9.507133484E0,1.182180119E1
9.981813833E0,2.831411934E1,9.865989685E0,1.176264095E1
9.991752833E0,2.807188988E1,1.031990433E1,1.172450638E1
1.000169183E1,2.800014496E1,1.078141785E1,1.189581966E1
1.001163083E1,2.784274101E1,1.102811813E1,1.169163132E1
1.002156983E1,2.755044365E1,1.124375534E1,1.158002853E1
1.003150883E1,2.729507446E1,1.151247787E1,1.153917313E1
1.004144783E1,2.708778954E1,1.175054932E1,1.149040890E1
1.005138683E1,2.683702278E1,1.210111618E1,1.130025864E1
1.006132583E1,2.660037231E1,1.234932709E1,1.109218025E1
1.007126483E1,2.666794014E1,1.266453171E1,1.118968010E1
1.008120383E1,2.639979744E1,1.294125366E1,1.061574078E1
1.009114283E1,2.618687820E1,1.321985245E1,1.041105270E1
1.010108183E1,2.589638901E1,1.355118179E1,1.009050751E1
1.011102083E1,2.568061447E1,1.378050232E1,1.004453468E1
1.012095983E1,2.551589394E1,1.410823441E1,9.556998253E0
1.013089883E1,2.538500214E1,1.436521530E1,9.120812416E0
1.014083783E1,2.538500214E1,1.436521530E1,9.120812416E0
1.015077683E1,2.514204979E1,1.463690567E1,8.732110023E0
1.016071583E1,2.504866982E1,1.487001419E1,8.362444878E0
1.017065583E1,2.478239822E1,1.515573883E1,8.065604210E0
1.018059483E1,2.453592110E1,1.549954224E1,7.554086685E0
1.019053383E1,2.436105537E1,1.588155746E1,7.228707314E0
1.020047283E1,2.415647697E1,1.615639114E1,7.061762810E0
1.021041183E1,2.396887398E1,1.636404419E1,6.982352257E0
1.022035083E1,2.375927353E1,1.644002914E1,6.424889565E0
1.023028983E1,2.362905884E1,1.672534180E1,6.395628929E0
1.024022883E1,2.344242668E1,1.700110245E1,6.002654076E0
1.025016783E1,2.344281960E1,1.714658737E1,5.755593300E0
1.026010683E1,2.334789658E1,1.741396713E1,5.483866692E0
1.027004583E1,2.327544785E1,1.745769882E1,5.517403603E0
1.027998483E1,2.315580940E1,1.762488174E1,5.440374374E0
1.028992383E1,2.297569275E1,1.781361771E1,5.708292007E0
1.029986283E1,2.307039833E1,1.777438354E1,5.664730072E0
1.030980183E1,2.301734924E1,1.788712311E1,5.557788849E0
1.031974083E1,2.297531128E1,1.797906494E1,5.567316055E0
1.032967983E1,2.293368721E1,1.799049377E1,5.482066154E0
1.033961883E1,2.293236351E1,1.793531418E1,5.570107460E0
1.034955783E1,2.280663872E1,1.791025543E1,5.699510574E0
1.035949683E1,2.286423111E1,1.797546387E1,5.666990280E0
1.036943583E1,2.311280632E1,1.787229538E1,5.941725731E0
1.037937483E1,2.312478065E1,1.778485107E1,5.843853951E0
1.038931383E1,2.311325645E1,1.760495377E1,5.969870567E0
1.039925283E1,2.317566872E1,1.739582062E1,6.198544502E0
1.040919183E1,2.317566872E1,1.739582062E1,6.198544502E0
1.041913083E1,2.346566582E1,1.727116394E1,6.050045013E0
1.042906983E1,2.375358582E1,1.687005615E1,6.223928452E0
1.043900983E1,2.384573746E1,1.663212967E1,6.427551270E0
1.044894883E1,2.405900955E1,1.609158707E1,6.619192123E0
1.045888783E1,2.426280785E1,1.555134201E1,6.786933899E0
1.046882683E1,2.460174370E1,1.524116516E1,6.939468384E0
1.047876583E1,2.496264839E1,1.466463852E1,7.019985199E0
1.048870483E1,2.528830338E1,1.404948044E1,7.067538261E0
1.049864383E1,2.580976677E1,1.342540359E1,6.881331444E0
1.050858283E1,2.621434593E1,1.281959534E1,7.288050652E0
1.051852183E1,2.661791611E1,1.189690018E1,7.052902222E0
1.052846083E1,2.699839401E1,1.110001755E1,6.947770119E0
1.053839983E1,2.739912224E1,1.012335587E1,7.144399643E0
1.054833883E1,2.778013420E1,9.216442108E0,7.105861664E0
1.055827783E1,2.822869492E1,8.193016052E0,7.167441368E0
1.056821683E1,2.858376122E1,7.147422791E0,7.170318604E0
1.057815583E1,2.885368538E1,5.940555573E0,6.963405609E0
1.058809483E1,2.940692711E1,4.574417114E0,6.761942863E0
1.059803383E1,2.970329094E1,3.094535828E0,6.449007034E0
1.060797283E1,3.000378609E1,1.708713531E0,6.043826103E0
1.061791183E1,3.029800224E1,2.840652466E-1,5.901337624E0
1.062785083E1,3.048253822E1,-1.354888916E0,5.592621803E0
1.063778983E1,3.061204720E1,-2.761064529E0,5.205758095E0
1.064772883E1,3.051772118E1,-4.160974503E0,4.569141388E0
1.065766783E1,3.045629311E1,-5.569326401E0,4.073781967E0
1.066760783E1,3.041072273E1,-6.969778061E0,3.708997726E0
1.067754583E1,3.017802238E1,-8.587961197E0,3.539178848E0
1.068748583E1,3.017802238E1,-8.587961197E0,3.539178848E0
1.069742500E1,2.992681313E1,-9.969919205E0,3.156032562E0
1.070736400E1,2.944877052E1,-1.160485458E1,3.266330719E0
1.071730300E1,2.876258278E1,-1.312549782E1,3.587726593E0
1.072724200E1,2.804576492E1,-1.460532761E1,3.849674225E0
1.073718100E1,2.718691254E1,-1.597814751E1,4.462396622E0
1.074712000E1,2.638357544E1,-1.733605576E1,5.177136421E0
1.075705900E1,2.546307182E1,-1.846417236E1,5.947010994E0
1.076699800E1,2.447212982E1,-1.940539169E1,6.620534897E0
1.077693700E1,2.345734024E1,-2.039244080E1,6.974001884E0
1.078687600E1,2.272743797E1,-2.118950462E1,7.312111855E0
1.079681500E1,2.183562851E1,-2.186319160E1,7.530883789E0
1.080675400E1,2.102606773E1,-2.264344406E1,7.627599716E0
1.081669300E1,2.020991707E1,-2.332953835E1,7.528107643E0
1.082663200E1,1.965519714E1,-2.383283615E1,7.103027344E0
1.083657100E1,1.889042091E1,-2.461379051E1,7.139443398E0
1.084651000E1,1.831987762E1,-2.526425934E1,6.734639168E0
1.085644900E1,1.763236046E1,-2.581427765E1,6.784129143E0
1.086638800E1,1.709315872E1,-2.614813805E1,6.776426315E0
1.087632800E1,1.635551643E1,-2.652991104E1,6.635894775E0
1.088626700E1,1.596074772E1,-2.679823303E1,6.812438965E0
1.089620600E1,1.560741138E1,-2.703967285E1,6.683248520E0
1.090614500E1,1.518133259E1,-2.715754318E1,6.462130547E0
1.091608400E1,1.472866917E1,-2.734090233E1,6.705718994E0
1.092602300E1,1.443967724E1,-2.750721359E1,6.864590645E0
1.093596200E1,1.412443638E1,-2.760423660E1,7.087628365E0
1.094590100E1,1.382720280E1,-2.773494339E1,7.089955330E0
1.095584000E1,1.382720280E1,-2.773494339E1,7.089955330E0
1.096577900E1,1.347464085E1,-2.766428185E1,7.019718170E0
1.097571800E1,1.338507175E1,-2.778834915E1,7.014093399E0
1.098565700E1,1.305217457E1,-2.787780380E1,6.949005127E0
1.099559600E1,1.307123852E1,-2.786361504E1,7.135472298E0
1.100553500E1,1.306589031E1,-2.777846146E1,7.347675323E0
1.101547400E1,1.301599979E1,-2.785491371E1,7.040452957E0
1.102541300E1,1.298947620E1,-2.791437721E1,7.376751900E0
1.103535200E1,1.302813435E1,-2.787306404E1,7.207098007E0
1.104529100E1,1.327508640E1,-2.774950409E1,7.316428185E0
1.105523000E1,1.327624035E1,-2.756404686E1,7.318737984E0
1.106517000E1,1.337909222E1,-2.755756950E1,7.159628868E0
1.107510900E1,1.344599247E1,-2.762103653E1,7.132661819E0
1.108504800E1,1.341107464E1,-2.772901535E1,6.995533943E0
1.109498700E1,1.365716076E1,-2.767868423E1,7.301484108E0
1.110492600E1,1.377286053E1,-2.761054420E1,7.165863037E0
1.111486500E1,1.380820179E1,-2.764840508E1,6.987212181E0
1.112480400E1,1.375261211E1,-2.759088898E1,6.911357880E0
1.113474300E1,1.388016224E1,-2.753759193E1,6.642434120E0
1.114468200E1,1.393249989E1,-2.754399300E1,6.619012833E0
1.115462100E1,1.401208210E1,-2.764219284E1,6.960054398E0
1.116456000E1,1.399388599E1,-2.767441940E1,6.914850235E0
1.117449900E1,1.412044048E1,-2.762277794E1,7.125598907E0
1.118443800E1,1.401363468E1,-2.757548523E1,7.269305229E0
1.119437700E1,1.412269878E1,-2.759464264E1,7.022798538E0
1.120431600E1,1.421552372E1,-2.760704803E1,6.780899048E0
1.121425500E1,1.433365917E1,-2.754759407E1,6.695284843E0
1.122419400E1,1.435000134E1,-2.757191467E1,6.934353828E0
1.123413400E1,1.435000134E1,-2.757191467E1,6.934353828E0
1.124407300E1,1.431483173E1,-2.749531746E1,6.738632202E0
1.125401200E1,1.442267132E1,-2.750376511E1,6.728033066E0
1.126395100E1,1.438901234E1,-2.748978424E1,6.773527145E0
1.127389000E1,1.444054127E1,-2.746161652E1,6.735868454E0
1.128382900E1,1.435151577E1,-2.742256546E1,6.725619316E0
1.129376800E1,1.449535465E1,-2.725407410E1,6.742984772E0
1.130370700E1,1.438297749E1,-2.726624489E1,6.827111244E0
1.131364600E1,1.444631290E1,-2.738080215E1,6.716678619E0
1.132358500E1,1.429393864E1,-2.731390572E1,6.949492455E0
1.133352400E1,1.437226391E1,-2.724321365E1,6.976794243E0
1.134346300E1,1.433373165E1,-2.726264191E1,6.777455330E0
1.135340200E1,1.440642452E1,-2.735305405E1,6.782790184E0
1.136334100E1,1.437143230E1,-2.732048416E1,6.843331337E0
1.137328000E1,1.412693119E1,-2.762801743E1,6.957888603E0
1.138321900E1,1.381473637E1,-2.766226387E1,7.026177406E0
1.139315900E1,1.354905415E1,-2.766996956E1,6.908234596E0
1.140309800E1,1.341302967E1,-2.779270744E1,6.843873024E0
1.141303700E1,1.307119083E1,-2.787024498E1,6.786290169E0
1.142297600E1,1.281996250E1,-2.797715187E1,6.899453163E0
1.143291500E1,1.259525394E1,-2.814541626E1,6.950740814E0
1.144285400E1,1.230507660E1,-2.823490524E1,6.908585548E0
1.145279300E1,1.233156300E1,-2.824705696E1,6.849387169E0
1.146273200E1,1.244363117E1,-2.830935287E1,6.760220528E0
1.147267100E1,1.256081486E1,-2.820875359E1,6.769119263E0
1.148261000E1,1.267467213E1,-2.829251289E1,6.641053200E0
1.149254900E1,1.276023769E1,-2.827571106E1,6.643236160E0
1.150248800E1,1.276023769E1,-2.827571106E1,6.643236160E0
1.151242700E1,1.293188953E1,-2.823105431E1,6.452794075E0
1.152236600E1,1.296708775E1,-2.823451042E1,6.370134354E0
1.153230500E1,1.292988300E1,-2.839307785E1,6.486061096E0
1.154224400E1,1.308898449E1,-2.832197380E1,6.221812248E0
1.155218400E1,1.324153614E1,-2.838068199E1,6.170532227E0
1.156212300E1,1.324178219E1,-2.835976219E1,5.980823517E0
1.157206200E1,1.340739346E1,-2.842305946E1,6.380793571E0
1.158200100E1,1.347890186E1,-2.834706688E1,6.249543190E0
1.159194000E1,1.348258686E1,-2.831881142E1,6.339326859E0
1.160187900E1,1.336079693E1,-2.830262756E1,6.690907478E0
1.161181800E1,1.328385639E1,-2.825446701E1,6.918240547E0
1.162175700E1,1.327569103E1,-2.807290268E1,6.867712021E0
1.163169600E1,1.328126049E1,-2.809446526E1,7.039263725E0
1.164163500E1,1.334018612E1,-2.802340317E1,6.968002319E0
1.165157400E1,1.325952053E1,-2.788695526E1,7.166214943E0
1.166151300E1,1.334548283E1,-2.808620071E1,7.160232544E0
1.167145200E1,1.344485378E1,-2.805834007E1,7.091308594E0
1.168139100E1,1.366067219E1,-2.794382668E1,7.005213737E0
1.169133146E1,1.365055370E1,-2.795410347E1,7.147343636E0
1.170127046E1,1.385675907E1,-2.797043228E1,7.249011993E0
1.171120946E1,1.401915836E1,-2.783557320E1,7.079811096E0
1.172114846E1,1.428740025E1,-2.767969131E1,7.041971207E0
1.173108746E1,1.434287167E1,-2.737598419E1,6.996630669E0
1.174102646E1,1.441668987E1,-2.742741394E1,7.288128853E0
1.175096546E1,1.460083866E1,-2.718535233E1,7.198183060E0
1.176090446E1,1.478658772E1,-2.709759521E1,7.383589745E0
1.177084346E1,1.528278446E1,-2.703583336E1,7.541773796E0
1.178078246E1,1.528278446E1,-2.703583336E1,7.541773796E0
1.179072146E1,1.537501621E1,-2.682875252E1,7.374391556E0
1.180066046E1,1.561918163E1,-2.666732597E1,7.363004684E0
1.181059946E1,1.603395844E1,-2.647974777E1,7.538316727E0
1.182053846E1,1.618652534E1,-2.630257225E1,7.667964935E0
1.183047746E1,1.624504280E1,-2.628849792E1,7.403506279E0
1.184041746E1,1.610957336E1,-2.641208839E1,7.491443634E0
1.185035646E1,1.609193230E1,-2.653090286E1,7.250699997E0
1.186029546E1,1.596340656E1,-2.657434464E1,7.327844620E0
1.187023446E1,1.589359951E1,-2.651042938E1,7.179609299E0
1.188017346E1,1.595721722E1,-2.660274124E1,6.990993500E0
1.189011246E1,1.601293945E1,-2.664774513E1,6.884936333E0
1.190005146E1,1.595169926E1,-2.680688286E1,6.970013618E0
1.190999046E1,1.592535114E1,-2.686994553E1,6.995177269E0
1.191992946E1,1.595903873E1,-2.670591354E1,7.052072525E0
1.192986846E1,1.586161709E1,-2.670253181E1,7.249197960E0
1.193980746E1,1.597535992E1,-2.647273827E1,7.351912498E0
1.194974646E1,1.583437634E1,-2.649164009E1,7.363156319E0
1.195968546E1,1.578148937E1,-2.647409630E1,7.446698189E0
1.196962446E1,1.573462772E1,-2.656576538E1,7.656429291E0
1.197956446E1,1.583078861E1,-2.650366402E1,7.572717667E0
1.198950346E1,1.581607723E1,-2.647629547E1,7.840436935E0
1.199944246E1,1.576831341E1,-2.629350281E1,7.963025093E0
1.200938146E1,1.586302662E1,-2.629590416E1,8.027485847E0
1.201932046E1,1.599611950E1,-2.621567917E1,8.015321732E0
1.202925946E1,1.585541439E1,-2.628706169E1,8.324352264E0
1.203919846E1,1.591488934E1,-2.626205444E1,8.379055023E0
1.204913746E1,1.591488934E1,-2.626205444E1,8.379055023E0
1.205907646E1,1.596444416E1,-2.605903816E1,8.793690681E0
1.206901546E1,1.585365772E1,-2.604644012E1,8.967436790E0
1.207895446E1,1.570897198E1,-2.596277428E1,9.015423775E0
1.208889346E1,1.575772953E1,-2.577059364E1,9.167398453E0
1.209883246E1,1.570350170E1,-2.585079765E1,9.271039009E0
1.210877146E1,1.562038898E1,-2.568089104E1,9.527392387E0
1.211871146E1,1.569550228E1,-2.569614220E1,9.634629250E0
1.212865046E1,1.568826962E1,-2.579288673E1,9.417236328E0
1.213858946E1,1.561113071E1,-2.572115135E1,9.360734940E0
1.214852846E1,1.555057621E1,-2.578822708E1,9.292355537E0
1.215846746E1,1.562304974E1,-2.577124977E1,9.298438072E0
1.216840646E1,1.551776028E1,-2.570725250E1,9.325014114E0
1.217834546E1,1.555040836E1,-2.577521133E1,9.441355705E0